[LOG] System::create                           : Header version = 2.02.28. Current version = 2.02.28.
[LOG] Manager::init                            : maxchannels = 256 studioflags = 00000006 flags 00000000 extradriverdata 0000000000000000.
[LOG] SystemI::init                            : Initialize version=20228 (150745), maxchannels=256, flags=0x00020000
[LOG] SystemI::setOutputInternal               : Setting output to 'FMOD WASAPI Output'
[LOG] OutputWASAPI::init                       : Mix Format (WAVEFORMATEX): wFormatTag=0xFFFE, nChannels=2, nSamplesPerSec=48000, nAvgBytesPerSec=384000, nBlockAlign=8, wBitsPerSample=32, cbSize=22.
[LOG] OutputWASAPI::init                       : Mix Format (WAVEFORMATEXTENSIBLE): wValidBitsPerSample=32, dwChannelMask=0x00000003, SubFormat=00000003-0000-0010-8000-00AA00389B71.
[LOG] OutputWASAPI::init                       : Output buffer size: 4096 samples, latency: 0.00ms, period: 10.00ms, DSP buffer: 1024 * 4
[LOG] Thread::initThread                       : Init FMOD stream thread. Affinity: 0x4000000000000003, Priority: 0xFFFF7FFB, Stack Size: 98304, Semaphore: No, Sleep Time: 10, Looping: Yes.
[LOG] Thread::initThread                       : Init FMOD mixer thread. Affinity: 0x4000000000000001, Priority: 0xFFFF7FFA, Stack Size: 81920, Semaphore: No, Sleep Time: 0, Looping: Yes.
[LOG] AsyncManager::init                       : manager 000002700D16F068 isAsync 0 updatePeriod 0.02
[LOG] AsyncManager::init                       : done
[LOG] PlaybackSystem::init                     : 
[LOG] Thread::initThread                       : Init FMOD Studio sample load thread. Affinity: 0x4000000000000003, Priority: 0xFFFF7FFD, Stack Size: 98304, Semaphore: No, Sleep Time: 1, Looping: No.
[LOG] PlaybackSystem::init                     : done
[LOG] Thread::initThread                       : Init FMOD Studio bank load thread. Affinity: 0x4000000000000003, Priority: 0xFFFF7FFD, Stack Size: 98304, Semaphore: No, Sleep Time: 1, Looping: No.
[LOG] Manager::init                            : done.
[LOG] Manager::readBank                        : fileversion = 142, compatVersion = 140 (oldest = 44, newest = 142)
[LOG] Manager::readBank                        : fileversion = 142, compatVersion = 140 (oldest = 44, newest = 142)
[LOG] PlaybackSystem::acquireMasterBus         : Setting master channel group format to 6
[LOG] Manager::readBank                        : fileversion = 142, compatVersion = 140 (oldest = 44, newest = 142)
[LOG] SystemI::createSound                     : filename = FMOD/FMOD_WoL/Build/Desktop/VFX.bank : mode 02010082
[LOG] SystemI::createSound                     : FMOD_NONBLOCKING specified.  Putting into queue to be opened asynchronously!
[LOG] AsyncThread::add                         : add sound to async queue : soundi = 000002700D3708F8, queue head = 000002700ED19558, queue count = 0
[LOG] AsyncThread::threadFunc                  : Starting Asynchronous operation on sound 000002700D3708F8
[LOG] SystemI::createSound                     : filename = FMOD/FMOD_WoL/Build/Desktop/VFX.bank : mode 02010082
[LOG] SystemI::createSoundInternal             :     Create name='FMOD/FMOD_WoL/Build/Desktop/VFX.bank', mode=0x02010082
[LOG] SystemI::createSound                     :     FMOD_NONBLOCKING specified.  Putting into queue to be opened asynchronously!
[LOG] SystemI::createSoundInternal             :     exinfo->cbsize             = 224
[LOG] AsyncThread::add                         :     add sound to async queue : soundi = 000002700D373D48, queue head = 000002700ED19558, queue count = 0
[LOG] SystemI::createSoundInternal             :     exinfo->length             = 7386464
[LOG] SystemI::createSoundInternal             :     exinfo->fileoffset         = 108672
[LOG] SystemI::createSoundInternal             :     exinfo->numsubsounds       = 1
[LOG] SystemI::createSound                     :     filename = FMOD/FMOD_WoL/Build/Desktop/VFX.bank : mode 02010082
[LOG] SystemI::createSoundInternal             :     exinfo->inclusionlist      = 0000026D0766F2E0
[LOG] SystemI::createSound                     :     FMOD_NONBLOCKING specified.  Putting into queue to be opened asynchronously!
[LOG] SystemI::createSoundInternal             :     exinfo->inclusionlistnum   = 1
[LOG] AsyncThread::add                         :     add sound to async queue : soundi = 000002700D370598, queue head = 000002700ED19558, queue count = 1
[LOG] SystemI::createSoundInternal             :     exinfo->suggestedsoundtype = 5
[LOG] SystemI::createSoundInternal             :     exinfo->initialseekposition = 25715
[LOG] SystemI::createSoundInternal             :     exinfo->initialseekpostype = 1
[LOG] SystemI::createSound                     :     filename = FMOD/FMOD_WoL/Build/Desktop/VFX.bank : mode 02010082
[LOG] SystemI::createSound                     :     FMOD_NONBLOCKING specified.  Putting into queue to be opened asynchronously!
[LOG] AsyncThread::add                         :     add sound to async queue : soundi = 000002700D36F9C8, queue head = 000002700ED19558, queue count = 2
[LOG] SystemI::createSound                     :     filename = FMOD/FMOD_WoL/Build/Desktop/VFX.bank : mode 02010082
[LOG] SystemI::createSound                     :     FMOD_NONBLOCKING specified.  Putting into queue to be opened asynchronously!
[LOG] AsyncThread::add                         :     add sound to async queue : soundi = 000002700D36E8E8, queue head = 000002700ED19558, queue count = 3
[LOG] SystemI::createSound                     :     filename = FMOD/FMOD_WoL/Build/Desktop/VFX.bank : mode 02010082
[LOG] SystemI::createSound                     :     FMOD_NONBLOCKING specified.  Putting into queue to be opened asynchronously!
[LOG] AsyncThread::add                         :     add sound to async queue : soundi = 000002700D3719D8, queue head = 000002700ED19558, queue count = 4
[LOG] SystemI::createSound                     :     filename = FMOD/FMOD_WoL/Build/Desktop/VFX.bank : mode 02010082
[LOG] SystemI::createSound                     :     FMOD_NONBLOCKING specified.  Putting into queue to be opened asynchronously!
[LOG] AsyncThread::add                         :     add sound to async queue : soundi = 000002700D372C68, queue head = 000002700ED19558, queue count = 5
[LOG] SystemI::createSound                     :     filename = FMOD/FMOD_WoL/Build/Desktop/VFX.bank : mode 02010082
[LOG] SystemI::createSound                     :     FMOD_NONBLOCKING specified.  Putting into queue to be opened asynchronously!
[LOG] AsyncThread::add                         :     add sound to async queue : soundi = 000002700D36F308, queue head = 000002700ED19558, queue count = 6
[LOG] SystemI::createSound                     :     filename = FMOD/FMOD_WoL/Build/Desktop/VFX.bank : mode 02010082
[LOG] SystemI::createSound                     :     FMOD_NONBLOCKING specified.  Putting into queue to be opened asynchronously!
[LOG] AsyncThread::add                         :     add sound to async queue : soundi = 000002700D36F818, queue head = 000002700ED19558, queue count = 7
[LOG] SystemI::createSound                     :     filename = FMOD/FMOD_WoL/Build/Desktop/VFX.bank : mode 02010082
[LOG] SystemI::createSound                     :     FMOD_NONBLOCKING specified.  Putting into queue to be opened asynchronously!
[LOG] AsyncThread::add                         :     add sound to async queue : soundi = 000002700D372AB8, queue head = 000002700ED19558, queue count = 8
[LOG] SystemI::createSound                     :     filename = FMOD/FMOD_WoL/Build/Desktop/VFX.bank : mode 02010082
[LOG] SystemI::createSound                     :     FMOD_NONBLOCKING specified.  Putting into queue to be opened asynchronously!
[LOG] AsyncThread::add                         :     add sound to async queue : soundi = 000002700D372098, queue head = 000002700ED19558, queue count = 9
[LOG] SystemI::createSound                     :     filename = FMOD/FMOD_WoL/Build/Desktop/VFX.bank : mode 02010082
[LOG] SystemI::createSound                     :     FMOD_NONBLOCKING specified.  Putting into queue to be opened asynchronously!
[LOG] AsyncThread::add                         :     add sound to async queue : soundi = 000002700D36FB78, queue head = 000002700ED19558, queue count = 10
[LOG] SystemI::createSound                     :     filename = FMOD/FMOD_WoL/Build/Desktop/VFX.bank : mode 02010082
[LOG] SystemI::createSound                     :     FMOD_NONBLOCKING specified.  Putting into queue to be opened asynchronously!
[LOG] AsyncThread::add                         :     add sound to async queue : soundi = 000002700D36EFA8, queue head = 000002700ED19558, queue count = 11
[LOG] SystemI::createSound                     :     filename = FMOD/FMOD_WoL/Build/Desktop/VFX.bank : mode 02010082
[LOG] SystemI::createSound                     :     FMOD_NONBLOCKING specified.  Putting into queue to be opened asynchronously!
[LOG] AsyncThread::add                         :     add sound to async queue : soundi = 000002700D372FC8, queue head = 000002700ED19558, queue count = 12
[LOG] SystemI::createSoundInternal             :     Stream 0/1: name='item', format=5, channels=2, frequency=48000, lengthbytes=458016, lengthpcm=2093184, pcmblocksize=0, loopstart=0, loopend=0, mode=0x00000000, channelmask=0x00000000, channelorder=0, peakvolume=0.733826.
[LOG] AsyncThread::threadFunc                  : Finished Asynchronous operation on sound 000002700D3708F8
[LOG] AsyncThread::threadFunc                  : Starting Asynchronous operation on sound 000002700D373D48
[LOG] SystemI::createSoundInternal             :     Create name='FMOD/FMOD_WoL/Build/Desktop/VFX.bank', mode=0x02010082
[LOG] SystemI::createSoundInternal             :     exinfo->cbsize             = 224
[LOG] SystemI::createSoundInternal             :     exinfo->length             = 7386464
[LOG] SystemI::createSoundInternal             :     exinfo->fileoffset         = 108672
[LOG] SystemI::createSoundInternal             :     exinfo->numsubsounds       = 1
[LOG] SystemI::createSoundInternal             :     exinfo->inclusionlist      = 0000026D0766FF60
[LOG] SystemI::createSoundInternal             :     exinfo->inclusionlistnum   = 1
[LOG] SystemI::createSoundInternal             :     exinfo->suggestedsoundtype = 5
[LOG] SystemI::createSoundInternal             :     exinfo->initialseekposition = 25715
[LOG] SystemI::createSoundInternal             :     exinfo->initialseekpostype = 1
[LOG] SystemI::createSoundInternal             :     Stream 0/1: name='item', format=5, channels=2, frequency=48000, lengthbytes=458016, lengthpcm=2093184, pcmblocksize=0, loopstart=0, loopend=0, mode=0x00000000, channelmask=0x00000000, channelorder=0, peakvolume=0.733826.
[LOG] AsyncThread::threadFunc                  : Finished Asynchronous operation on sound 000002700D373D48
[LOG] AsyncThread::threadFunc                  : Starting Asynchronous operation on sound 000002700D370598
[LOG] SystemI::createSoundInternal             :     Create name='FMOD/FMOD_WoL/Build/Desktop/VFX.bank', mode=0x02010082
[LOG] SystemI::createSoundInternal             :     exinfo->cbsize             = 224
[LOG] SystemI::createSoundInternal             :     exinfo->length             = 7386464
[LOG] SystemI::createSoundInternal             :     exinfo->fileoffset         = 108672
[LOG] SystemI::createSoundInternal             :     exinfo->numsubsounds       = 1
[LOG] SystemI::createSoundInternal             :     exinfo->inclusionlist      = 0000026D0766F420
[LOG] SystemI::createSoundInternal             :     exinfo->inclusionlistnum   = 1
[LOG] SystemI::createSoundInternal             :     exinfo->suggestedsoundtype = 5
[LOG] SystemI::createSoundInternal             :     exinfo->initialseekposition = 25715
[LOG] SystemI::createSoundInternal             :     exinfo->initialseekpostype = 1
[LOG] SystemI::createSoundInternal             :     Stream 0/1: name='item', format=5, channels=2, frequency=48000, lengthbytes=458016, lengthpcm=2093184, pcmblocksize=0, loopstart=0, loopend=0, mode=0x00000000, channelmask=0x00000000, channelorder=0, peakvolume=0.733826.
[LOG] AsyncThread::threadFunc                  : Finished Asynchronous operation on sound 000002700D370598
[LOG] AsyncThread::threadFunc                  : Starting Asynchronous operation on sound 000002700D36F9C8
[LOG] SystemI::createSoundInternal             :     Create name='FMOD/FMOD_WoL/Build/Desktop/VFX.bank', mode=0x02010082
[LOG] SystemI::createSoundInternal             :     exinfo->cbsize             = 224
[LOG] SystemI::createSoundInternal             :     exinfo->length             = 7386464
[LOG] SystemI::createSoundInternal             :     exinfo->fileoffset         = 108672
[LOG] SystemI::createSoundInternal             :     exinfo->numsubsounds       = 1
[LOG] SystemI::createSoundInternal             :     exinfo->inclusionlist      = 0000026D0766F560
[LOG] SystemI::createSoundInternal             :     exinfo->inclusionlistnum   = 1
[LOG] SystemI::createSoundInternal             :     exinfo->suggestedsoundtype = 5
[LOG] SystemI::createSoundInternal             :     exinfo->initialseekposition = 25715
[LOG] SystemI::createSoundInternal             :     exinfo->initialseekpostype = 1
[LOG] SystemI::createSoundInternal             :     Stream 0/1: name='item', format=5, channels=2, frequency=48000, lengthbytes=458016, lengthpcm=2093184, pcmblocksize=0, loopstart=0, loopend=0, mode=0x00000000, channelmask=0x00000000, channelorder=0, peakvolume=0.733826.
[LOG] AsyncThread::threadFunc                  : Finished Asynchronous operation on sound 000002700D36F9C8
[LOG] AsyncThread::threadFunc                  : Starting Asynchronous operation on sound 000002700D36E8E8
[LOG] SystemI::createSoundInternal             :     Create name='FMOD/FMOD_WoL/Build/Desktop/VFX.bank', mode=0x02010082
[LOG] SystemI::createSoundInternal             :     exinfo->cbsize             = 224
[LOG] SystemI::createSoundInternal             :     exinfo->length             = 7386464
[LOG] SystemI::createSoundInternal             :     exinfo->fileoffset         = 108672
[LOG] SystemI::createSoundInternal             :     exinfo->numsubsounds       = 1
[LOG] SystemI::createSoundInternal             :     exinfo->inclusionlist      = 0000026D0766F6A0
[LOG] SystemI::createSoundInternal             :     exinfo->inclusionlistnum   = 1
[LOG] SystemI::createSoundInternal             :     exinfo->suggestedsoundtype = 5
[LOG] SystemI::createSoundInternal             :     exinfo->initialseekposition = 25715
[LOG] SystemI::createSoundInternal             :     exinfo->initialseekpostype = 1
[LOG] SystemI::createSoundInternal             :     Stream 0/1: name='item', format=5, channels=2, frequency=48000, lengthbytes=458016, lengthpcm=2093184, pcmblocksize=0, loopstart=0, loopend=0, mode=0x00000000, channelmask=0x00000000, channelorder=0, peakvolume=0.733826.
[LOG] AsyncThread::threadFunc                  : Finished Asynchronous operation on sound 000002700D36E8E8
[LOG] AsyncThread::threadFunc                  : Starting Asynchronous operation on sound 000002700D3719D8
[LOG] SystemI::createSoundInternal             :     Create name='FMOD/FMOD_WoL/Build/Desktop/VFX.bank', mode=0x02010082
[LOG] SystemI::createSoundInternal             :     exinfo->cbsize             = 224
[LOG] SystemI::createSoundInternal             :     exinfo->length             = 7386464
[LOG] SystemI::createSoundInternal             :     exinfo->fileoffset         = 108672
[LOG] SystemI::createSoundInternal             :     exinfo->numsubsounds       = 1
[LOG] SystemI::createSoundInternal             :     exinfo->inclusionlist      = 0000027004CA8440
[LOG] SystemI::createSoundInternal             :     exinfo->inclusionlistnum   = 1
[LOG] SystemI::createSoundInternal             :     exinfo->suggestedsoundtype = 5
[LOG] SystemI::createSoundInternal             :     exinfo->initialseekposition = 25715
[LOG] SystemI::createSoundInternal             :     exinfo->initialseekpostype = 1
[LOG] SystemI::createSoundInternal             :     Stream 0/1: name='item', format=5, channels=2, frequency=48000, lengthbytes=458016, lengthpcm=2093184, pcmblocksize=0, loopstart=0, loopend=0, mode=0x00000000, channelmask=0x00000000, channelorder=0, peakvolume=0.733826.
[LOG] AsyncThread::threadFunc                  : Finished Asynchronous operation on sound 000002700D3719D8
[LOG] AsyncThread::threadFunc                  : Starting Asynchronous operation on sound 000002700D372C68
[LOG] SystemI::createSoundInternal             :     Create name='FMOD/FMOD_WoL/Build/Desktop/VFX.bank', mode=0x02010082
[LOG] SystemI::createSoundInternal             :     exinfo->cbsize             = 224
[LOG] SystemI::createSoundInternal             :     exinfo->length             = 7386464
[LOG] SystemI::createSoundInternal             :     exinfo->fileoffset         = 108672
[LOG] SystemI::createSoundInternal             :     exinfo->numsubsounds       = 1
[LOG] SystemI::createSoundInternal             :     exinfo->inclusionlist      = 0000027004CA8080
[LOG] SystemI::createSoundInternal             :     exinfo->inclusionlistnum   = 1
[LOG] SystemI::createSoundInternal             :     exinfo->suggestedsoundtype = 5
[LOG] SystemI::createSoundInternal             :     exinfo->initialseekposition = 25715
[LOG] SystemI::createSoundInternal             :     exinfo->initialseekpostype = 1
[LOG] SystemI::createSoundInternal             :     Stream 0/1: name='item', format=5, channels=2, frequency=48000, lengthbytes=458016, lengthpcm=2093184, pcmblocksize=0, loopstart=0, loopend=0, mode=0x00000000, channelmask=0x00000000, channelorder=0, peakvolume=0.733826.
[LOG] AsyncThread::threadFunc                  : Finished Asynchronous operation on sound 000002700D372C68
[LOG] AsyncThread::threadFunc                  : Starting Asynchronous operation on sound 000002700D36F308
[LOG] SystemI::createSoundInternal             :     Create name='FMOD/FMOD_WoL/Build/Desktop/VFX.bank', mode=0x02010082
[LOG] SystemI::createSoundInternal             :     exinfo->cbsize             = 224
[LOG] SystemI::createSoundInternal             :     exinfo->length             = 7386464
[LOG] SystemI::createSoundInternal             :     exinfo->fileoffset         = 108672
[LOG] SystemI::createSoundInternal             :     exinfo->numsubsounds       = 1
[LOG] SystemI::createSoundInternal             :     exinfo->inclusionlist      = 0000027004CA7E00
[LOG] SystemI::createSoundInternal             :     exinfo->inclusionlistnum   = 1
[LOG] SystemI::createSoundInternal             :     exinfo->suggestedsoundtype = 5
[LOG] SystemI::createSoundInternal             :     exinfo->initialseekposition = 25715
[LOG] SystemI::createSoundInternal             :     exinfo->initialseekpostype = 1
[LOG] SystemI::createSoundInternal             :     Stream 0/1: name='item', format=5, channels=2, frequency=48000, lengthbytes=458016, lengthpcm=2093184, pcmblocksize=0, loopstart=0, loopend=0, mode=0x00000000, channelmask=0x00000000, channelorder=0, peakvolume=0.733826.
[LOG] AsyncThread::threadFunc                  : Finished Asynchronous operation on sound 000002700D36F308
[LOG] AsyncThread::threadFunc                  : Starting Asynchronous operation on sound 000002700D36F818
[LOG] SystemI::createSoundInternal             :     Create name='FMOD/FMOD_WoL/Build/Desktop/VFX.bank', mode=0x02010082
[LOG] SystemI::createSoundInternal             :     exinfo->cbsize             = 224
[LOG] SystemI::createSoundInternal             :     exinfo->length             = 7386464
[LOG] SystemI::createSoundInternal             :     exinfo->fileoffset         = 108672
[LOG] SystemI::createSoundInternal             :     exinfo->numsubsounds       = 1
[LOG] SystemI::createSoundInternal             :     exinfo->inclusionlist      = 0000027004CA77C0
[LOG] SystemI::createSoundInternal             :     exinfo->inclusionlistnum   = 1
[LOG] SystemI::createSoundInternal             :     exinfo->suggestedsoundtype = 5
[LOG] SystemI::createSoundInternal             :     exinfo->initialseekposition = 25715
[LOG] SystemI::createSoundInternal             :     exinfo->initialseekpostype = 1
[LOG] SystemI::createSoundInternal             :     Stream 0/1: name='item', format=5, channels=2, frequency=48000, lengthbytes=458016, lengthpcm=2093184, pcmblocksize=0, loopstart=0, loopend=0, mode=0x00000000, channelmask=0x00000000, channelorder=0, peakvolume=0.733826.
[LOG] AsyncThread::threadFunc                  : Finished Asynchronous operation on sound 000002700D36F818
[LOG] AsyncThread::threadFunc                  : Starting Asynchronous operation on sound 000002700D372AB8
[LOG] SystemI::createSoundInternal             :     Create name='FMOD/FMOD_WoL/Build/Desktop/VFX.bank', mode=0x02010082
[LOG] SystemI::createSoundInternal             :     exinfo->cbsize             = 224
[LOG] SystemI::createSoundInternal             :     exinfo->length             = 7386464
[LOG] SystemI::createSoundInternal             :     exinfo->fileoffset         = 108672
[LOG] SystemI::createSoundInternal             :     exinfo->numsubsounds       = 1
[LOG] SystemI::createSoundInternal             :     exinfo->inclusionlist      = 0000027004CA7F40
[LOG] SystemI::createSoundInternal             :     exinfo->inclusionlistnum   = 1
[LOG] SystemI::createSoundInternal             :     exinfo->suggestedsoundtype = 5
[LOG] SystemI::createSoundInternal             :     exinfo->initialseekposition = 25715
[LOG] SystemI::createSoundInternal             :     exinfo->initialseekpostype = 1
[LOG] SystemI::createSoundInternal             :     Stream 0/1: name='item', format=5, channels=2, frequency=48000, lengthbytes=458016, lengthpcm=2093184, pcmblocksize=0, loopstart=0, loopend=0, mode=0x00000000, channelmask=0x00000000, channelorder=0, peakvolume=0.733826.
[LOG] AsyncThread::threadFunc                  : Finished Asynchronous operation on sound 000002700D372AB8
[LOG] AsyncThread::threadFunc                  : Starting Asynchronous operation on sound 000002700D372098
[LOG] SystemI::createSoundInternal             :     Create name='FMOD/FMOD_WoL/Build/Desktop/VFX.bank', mode=0x02010082
[LOG] SystemI::createSoundInternal             :     exinfo->cbsize             = 224
[LOG] SystemI::createSoundInternal             :     exinfo->length             = 7386464
[LOG] SystemI::createSoundInternal             :     exinfo->fileoffset         = 108672
[LOG] SystemI::createSoundInternal             :     exinfo->numsubsounds       = 1
[LOG] SystemI::createSoundInternal             :     exinfo->inclusionlist      = 0000027004CA8580
[LOG] SystemI::createSoundInternal             :     exinfo->inclusionlistnum   = 1
[LOG] SystemI::createSoundInternal             :     exinfo->suggestedsoundtype = 5
[LOG] SystemI::createSoundInternal             :     exinfo->initialseekposition = 25715
[LOG] SystemI::createSoundInternal             :     exinfo->initialseekpostype = 1
[LOG] SystemI::createSoundInternal             :     Stream 0/1: name='item', format=5, channels=2, frequency=48000, lengthbytes=458016, lengthpcm=2093184, pcmblocksize=0, loopstart=0, loopend=0, mode=0x00000000, channelmask=0x00000000, channelorder=0, peakvolume=0.733826.
[LOG] AsyncThread::threadFunc                  : Finished Asynchronous operation on sound 000002700D372098
[LOG] AsyncThread::threadFunc                  : Starting Asynchronous operation on sound 000002700D36FB78
[LOG] SystemI::createSoundInternal             :     Create name='FMOD/FMOD_WoL/Build/Desktop/VFX.bank', mode=0x02010082
[LOG] SystemI::createSoundInternal             :     exinfo->cbsize             = 224
[LOG] SystemI::createSoundInternal             :     exinfo->length             = 7386464
[LOG] SystemI::createSoundInternal             :     exinfo->fileoffset         = 108672
[LOG] SystemI::createSoundInternal             :     exinfo->numsubsounds       = 1
[LOG] SystemI::createSoundInternal             :     exinfo->inclusionlist      = 0000027004CA7CC0
[LOG] SystemI::createSoundInternal             :     exinfo->inclusionlistnum   = 1
[LOG] SystemI::createSoundInternal             :     exinfo->suggestedsoundtype = 5
[LOG] SystemI::createSoundInternal             :     exinfo->initialseekposition = 25715
[LOG] SystemI::createSoundInternal             :     exinfo->initialseekpostype = 1
[LOG] SystemI::createSoundInternal             :     Stream 0/1: name='item', format=5, channels=2, frequency=48000, lengthbytes=458016, lengthpcm=2093184, pcmblocksize=0, loopstart=0, loopend=0, mode=0x00000000, channelmask=0x00000000, channelorder=0, peakvolume=0.733826.
[LOG] AsyncThread::threadFunc                  : Finished Asynchronous operation on sound 000002700D36FB78
[LOG] AsyncThread::threadFunc                  : Starting Asynchronous operation on sound 000002700D36EFA8
[LOG] SystemI::createSoundInternal             :     Create name='FMOD/FMOD_WoL/Build/Desktop/VFX.bank', mode=0x02010082
[LOG] SystemI::createSoundInternal             :     exinfo->cbsize             = 224
[LOG] SystemI::createSoundInternal             :     exinfo->length             = 7386464
[LOG] SystemI::createSoundInternal             :     exinfo->fileoffset         = 108672
[LOG] SystemI::createSoundInternal             :     exinfo->numsubsounds       = 1
[LOG] SystemI::createSoundInternal             :     exinfo->inclusionlist      = 0000027004CA81C0
[LOG] SystemI::createSoundInternal             :     exinfo->inclusionlistnum   = 1
[LOG] SystemI::createSoundInternal             :     exinfo->suggestedsoundtype = 5
[LOG] SystemI::createSoundInternal             :     exinfo->initialseekposition = 25715
[LOG] SystemI::createSoundInternal             :     exinfo->initialseekpostype = 1
[LOG] SystemI::createSoundInternal             :     Stream 0/1: name='item', format=5, channels=2, frequency=48000, lengthbytes=458016, lengthpcm=2093184, pcmblocksize=0, loopstart=0, loopend=0, mode=0x00000000, channelmask=0x00000000, channelorder=0, peakvolume=0.733826.
[LOG] AsyncThread::threadFunc                  : Finished Asynchronous operation on sound 000002700D36EFA8
[LOG] AsyncThread::threadFunc                  : Starting Asynchronous operation on sound 000002700D372FC8
[LOG] SystemI::createSoundInternal             :     Create name='FMOD/FMOD_WoL/Build/Desktop/VFX.bank', mode=0x02010082
[LOG] SystemI::createSoundInternal             :     exinfo->cbsize             = 224
[LOG] SystemI::createSoundInternal             :     exinfo->length             = 7386464
[LOG] SystemI::createSoundInternal             :     exinfo->fileoffset         = 108672
[LOG] SystemI::createSoundInternal             :     exinfo->numsubsounds       = 1
[LOG] SystemI::createSoundInternal             :     exinfo->inclusionlist      = 0000027004CA8300
[LOG] SystemI::createSoundInternal             :     exinfo->inclusionlistnum   = 1
[LOG] SystemI::createSoundInternal             :     exinfo->suggestedsoundtype = 5
[LOG] SystemI::createSoundInternal             :     exinfo->initialseekposition = 25715
[LOG] SystemI::createSoundInternal             :     exinfo->initialseekpostype = 1
[LOG] SystemI::createSoundInternal             :     Stream 0/1: name='item', format=5, channels=2, frequency=48000, lengthbytes=458016, lengthpcm=2093184, pcmblocksize=0, loopstart=0, loopend=0, mode=0x00000000, channelmask=0x00000000, channelorder=0, peakvolume=0.733826.
[LOG] AsyncThread::threadFunc                  : Finished Asynchronous operation on sound 000002700D372FC8
[LOG] SoundI::release                          : item (00000271628F77C8)
[LOG] SoundI::release                          :     item (000002700C039568)
[LOG] SoundI::release                          :     item (000002716E3A4E08)
[LOG] SoundI::release                          : item (00000271628F0508)
[LOG] SoundI::release                          :     item (000002700C0352C8)
[LOG] SoundI::release                          :     item (000002716E3A6908)
[LOG] SoundI::release                          : item (00000271628EFAE8)
[LOG] SoundI::release                          :     item (000002700C03BFA8)
[LOG] SoundI::release                          :     item (000002716E3A80A8)
[LOG] SoundI::release                          : item (00000271628EF5D8)
[LOG] SoundI::release                          :     item (000002700C03B928)
[LOG] SoundI::release                          :     item (000002716E3A48F8)
[LOG] SoundI::release                          : item (00000271628EDE38)
[LOG] SoundI::release                          :     item (0000027173AEF448)
[LOG] SoundI::release                          :     item (000002716E3A59D8)
[LOG] SoundI::release                          : item (00000271628F1798)
[LOG] SoundI::release                          :     item (0000027173AEE0C8)
[LOG] SoundI::release                          :     item (000002716E3A74D8)
[LOG] SoundI::release                          : item (000002700D37BA28)
[LOG] SoundI::release                          :     item (0000027173AEFAC8)
[LOG] SoundI::release                          :     item (000002716E3A2FA8)
[LOG] SoundI::release                          : item (000002700D37C958)
[LOG] SoundI::release                          :     item (0000027173AEFC68)
[LOG] SoundI::release                          :     item (000002716E3A2C48)
[LOG] SoundI::release                          : item (000002700D37D378)
[LOG] SoundI::release                          :     item (0000027173AEEA88)
[LOG] SoundI::release                          :     item (000002716E3A2A98)
[LOG] SoundI::release                          : item (000002700D3760B8)
[LOG] SoundI::release                          :     item (0000027015C3A2B8)
[LOG] SoundI::release                          :     item (000002716E39DEA8)
[LOG] SoundI::release                          : item (000002700D375BA8)
[LOG] SoundI::release                          :     item (0000027015C38F38)
[LOG] SoundI::release                          :     item (000002716E39FEB8)
[LOG] SoundI::release                          : item (000002700D375D58)
[LOG] SoundI::release                          :     item (0000027015C383D8)
[LOG] SoundI::release                          :     item (000002716E3A1EC8)
[LOG] SoundI::release                          : item (000002700D376C88)
[LOG] SoundI::release                          :     item (0000027015C3B638)
[LOG] SoundI::release                          :     item (000002716E3A1B68)
[LOG] SoundI::release                          : item (000002700D3796B8)
[LOG] SoundI::release                          :     item (0000027015C39DD8)
[LOG] SoundI::release                          :     item (000002716E3A0578)
[LOG] SystemI::createSound                     : filename = FMOD/FMOD_WoL/Build/Desktop/VFX.bank : mode 02010082
[LOG] SystemI::createSound                     : FMOD_NONBLOCKING specified.  Putting into queue to be opened asynchronously!
[LOG] AsyncThread::add                         : add sound to async queue : soundi = 000002715C56D368, queue head = 000002700ED19558, queue count = 0
[LOG] SystemI::createSound                     : filename = FMOD/FMOD_WoL/Build/Desktop/VFX.bank : mode 02010082
[LOG] AsyncThread::threadFunc                  : Starting Asynchronous operation on sound 000002715C56D368
[LOG] SystemI::createSound                     : FMOD_NONBLOCKING specified.  Putting into queue to be opened asynchronously!
[LOG] SystemI::createSoundInternal             :     Create name='FMOD/FMOD_WoL/Build/Desktop/VFX.bank', mode=0x02010082
[LOG] SystemI::createSoundInternal             :     exinfo->cbsize             = 224
[LOG] AsyncThread::add                         :     add sound to async queue : soundi = 000002715C568928, queue head = 000002700ED19558, queue count = 0
[LOG] SystemI::createSoundInternal             :     exinfo->length             = 7386464
[LOG] SystemI::createSoundInternal             :     exinfo->fileoffset         = 108672
[LOG] SystemI::createSoundInternal             :     exinfo->numsubsounds       = 1
[LOG] SystemI::createSound                     :     filename = FMOD/FMOD_WoL/Build/Desktop/VFX.bank : mode 02010082
[LOG] SystemI::createSoundInternal             :     exinfo->inclusionlist      = 000002700B571110
[LOG] SystemI::createSound                     :     FMOD_NONBLOCKING specified.  Putting into queue to be opened asynchronously!
[LOG] SystemI::createSoundInternal             :     exinfo->inclusionlistnum   = 1
[LOG] AsyncThread::add                         :     add sound to async queue : soundi = 000002715C56DBD8, queue head = 000002700ED19558, queue count = 1
[LOG] SystemI::createSoundInternal             :     exinfo->suggestedsoundtype = 5
[LOG] SystemI::createSoundInternal             :     exinfo->initialseekpostype = 1
[LOG] SystemI::createSoundInternal             :     Stream 0/1: name='mechanical-sfx-018-314780', format=5, channels=2, frequency=48000, lengthbytes=131648, lengthpcm=507820, pcmblocksize=0, loopstart=0, loopend=0, mode=0x00000000, channelmask=0x00000000, channelorder=0, peakvolume=0.999512.
[LOG] AsyncThread::threadFunc                  : Finished Asynchronous operation on sound 000002715C56D368
[LOG] AsyncThread::threadFunc                  : Starting Asynchronous operation on sound 000002715C568928
[LOG] SystemI::createSoundInternal             :     Create name='FMOD/FMOD_WoL/Build/Desktop/VFX.bank', mode=0x02010082
[LOG] SystemI::createSoundInternal             :     exinfo->cbsize             = 224
[LOG] SystemI::createSoundInternal             :     exinfo->length             = 7386464
[LOG] SystemI::createSoundInternal             :     exinfo->fileoffset         = 108672
[LOG] SystemI::createSoundInternal             :     exinfo->numsubsounds       = 1
[LOG] SystemI::createSoundInternal             :     exinfo->inclusionlist      = 000002700B571250
[LOG] SystemI::createSoundInternal             :     exinfo->inclusionlistnum   = 1
[LOG] SystemI::createSoundInternal             :     exinfo->suggestedsoundtype = 5
[LOG] SystemI::createSoundInternal             :     exinfo->initialseekpostype = 1
[LOG] SystemI::createSoundInternal             :     Stream 0/1: name='mechanical-sfx-018-314780', format=5, channels=2, frequency=48000, lengthbytes=131648, lengthpcm=507820, pcmblocksize=0, loopstart=0, loopend=0, mode=0x00000000, channelmask=0x00000000, channelorder=0, peakvolume=0.999512.
[LOG] AsyncThread::threadFunc                  : Finished Asynchronous operation on sound 000002715C568928
[LOG] AsyncThread::threadFunc                  : Starting Asynchronous operation on sound 000002715C56DBD8
[LOG] SystemI::createSoundInternal             :     Create name='FMOD/FMOD_WoL/Build/Desktop/VFX.bank', mode=0x02010082
[LOG] SystemI::createSoundInternal             :     exinfo->cbsize             = 224
[LOG] SystemI::createSoundInternal             :     exinfo->length             = 7386464
[LOG] SystemI::createSoundInternal             :     exinfo->fileoffset         = 108672
[LOG] SystemI::createSoundInternal             :     exinfo->numsubsounds       = 1
[LOG] SystemI::createSoundInternal             :     exinfo->inclusionlist      = 000002700B571610
[LOG] SystemI::createSoundInternal             :     exinfo->inclusionlistnum   = 1
[LOG] SystemI::createSoundInternal             :     exinfo->suggestedsoundtype = 5
[LOG] SystemI::createSoundInternal             :     exinfo->initialseekpostype = 1
[LOG] SystemI::createSoundInternal             :     Stream 0/1: name='mechanical-sfx-018-314780', format=5, channels=2, frequency=48000, lengthbytes=131648, lengthpcm=507820, pcmblocksize=0, loopstart=0, loopend=0, mode=0x00000000, channelmask=0x00000000, channelorder=0, peakvolume=0.999512.
[LOG] AsyncThread::threadFunc                  : Finished Asynchronous operation on sound 000002715C56DBD8
[LOG] SystemI::createSound                     : filename = FMOD/FMOD_WoL/Build/Desktop/VFX.bank : mode 02010082
[LOG] SystemI::createSound                     : FMOD_NONBLOCKING specified.  Putting into queue to be opened asynchronously!
[LOG] AsyncThread::add                         : add sound to async queue : soundi = 000002715C568C88, queue head = 000002700ED19558, queue count = 0
[LOG] AsyncThread::threadFunc                  : Starting Asynchronous operation on sound 000002715C568C88
[LOG] SystemI::createSound                     : filename = FMOD/FMOD_WoL/Build/Desktop/VFX.bank : mode 02010082
[LOG] SystemI::createSoundInternal             :     Create name='FMOD/FMOD_WoL/Build/Desktop/VFX.bank', mode=0x02010082
[LOG] SystemI::createSound                     :     FMOD_NONBLOCKING specified.  Putting into queue to be opened asynchronously!
[LOG] SystemI::createSoundInternal             :     exinfo->cbsize             = 224
[LOG] AsyncThread::add                         :     add sound to async queue : soundi = 000002715C569D68, queue head = 000002700ED19558, queue count = 0
[LOG] SystemI::createSoundInternal             :     exinfo->length             = 7386464
[LOG] SystemI::createSoundInternal             :     exinfo->fileoffset         = 108672
[LOG] SystemI::createSound                     :     filename = FMOD/FMOD_WoL/Build/Desktop/VFX.bank : mode 02010082
[LOG] SystemI::createSoundInternal             :     exinfo->numsubsounds       = 1
[LOG] SystemI::createSound                     :     FMOD_NONBLOCKING specified.  Putting into queue to be opened asynchronously!
[LOG] SystemI::createSoundInternal             :     exinfo->inclusionlist      = 000002700B571750
[LOG] AsyncThread::add                         :     add sound to async queue : soundi = 000002715C56A788, queue head = 000002700ED19558, queue count = 1
[LOG] SystemI::createSoundInternal             :     exinfo->inclusionlistnum   = 1
[LOG] SystemI::createSoundInternal             :     exinfo->suggestedsoundtype = 5
[LOG] SystemI::createSound                     :     filename = FMOD/FMOD_WoL/Build/Desktop/VFX.bank : mode 02010082
[LOG] SystemI::createSoundInternal             :     exinfo->initialseekpostype = 1
[LOG] SystemI::createSound                     :     FMOD_NONBLOCKING specified.  Putting into queue to be opened asynchronously!
[LOG] AsyncThread::add                         :     add sound to async queue : soundi = 00000270042443C8, queue head = 000002700ED19558, queue count = 2
[LOG] SystemI::createSound                     :     filename = FMOD/FMOD_WoL/Build/Desktop/VFX.bank : mode 02010082
[LOG] SystemI::createSound                     :     FMOD_NONBLOCKING specified.  Putting into queue to be opened asynchronously!
[LOG] AsyncThread::add                         :     add sound to async queue : soundi = 00000270042452F8, queue head = 000002700ED19558, queue count = 3
[LOG] SystemI::createSound                     :     filename = FMOD/FMOD_WoL/Build/Desktop/VFX.bank : mode 02010082
[LOG] SystemI::createSound                     :     FMOD_NONBLOCKING specified.  Putting into queue to be opened asynchronously!
[LOG] AsyncThread::add                         :     add sound to async queue : soundi = 0000027004244578, queue head = 000002700ED19558, queue count = 4
[LOG] SystemI::createSound                     :     filename = FMOD/FMOD_WoL/Build/Desktop/VFX.bank : mode 02010082
[LOG] SystemI::createSound                     :     FMOD_NONBLOCKING specified.  Putting into queue to be opened asynchronously!
[LOG] AsyncThread::add                         :     add sound to async queue : soundi = 0000027004244C38, queue head = 000002700ED19558, queue count = 5
[LOG] SystemI::createSoundInternal             :     Stream 0/1: name='stream3', format=5, channels=2, frequency=48000, lengthbytes=133184, lengthpcm=489600, pcmblocksize=0, loopstart=0, loopend=0, mode=0x00000000, channelmask=0x00000000, channelorder=0, peakvolume=0.136536.
[LOG] SystemI::createSound                     :     filename = FMOD/FMOD_WoL/Build/Desktop/VFX.bank : mode 02010082
[LOG] SystemI::createSound                     :     FMOD_NONBLOCKING specified.  Putting into queue to be opened asynchronously!
[LOG] AsyncThread::add                         :     add sound to async queue : soundi = 0000027004246FA8, queue head = 000002700ED19558, queue count = 6
[LOG] SystemI::createSound                     :     filename = FMOD/FMOD_WoL/Build/Desktop/VFX.bank : mode 02010082
[LOG] SystemI::createSound                     :     FMOD_NONBLOCKING specified.  Putting into queue to be opened asynchronously!
[LOG] AsyncThread::add                         :     add sound to async queue : soundi = 00000270042463D8, queue head = 000002700ED19558, queue count = 7
[LOG] AsyncThread::threadFunc                  : Finished Asynchronous operation on sound 000002715C568C88
[LOG] AsyncThread::threadFunc                  : Starting Asynchronous operation on sound 000002715C569D68
[LOG] SystemI::createSoundInternal             :     Create name='FMOD/FMOD_WoL/Build/Desktop/VFX.bank', mode=0x02010082
[LOG] SystemI::createSoundInternal             :     exinfo->cbsize             = 224
[LOG] SystemI::createSoundInternal             :     exinfo->length             = 7386464
[LOG] SystemI::createSoundInternal             :     exinfo->fileoffset         = 108672
[LOG] SystemI::createSoundInternal             :     exinfo->numsubsounds       = 1
[LOG] SystemI::createSoundInternal             :     exinfo->inclusionlist      = 0000026EBFB4CA60
[LOG] SystemI::createSoundInternal             :     exinfo->inclusionlistnum   = 1
[LOG] SystemI::createSoundInternal             :     exinfo->suggestedsoundtype = 5
[LOG] SystemI::createSoundInternal             :     exinfo->initialseekpostype = 1
[LOG] SystemI::createSoundInternal             :     Stream 0/1: name='stream3', format=5, channels=2, frequency=48000, lengthbytes=133184, lengthpcm=489600, pcmblocksize=0, loopstart=0, loopend=0, mode=0x00000000, channelmask=0x00000000, channelorder=0, peakvolume=0.136536.
[LOG] AsyncThread::threadFunc                  : Finished Asynchronous operation on sound 000002715C569D68
[LOG] AsyncThread::threadFunc                  : Starting Asynchronous operation on sound 000002715C56A788
[LOG] SystemI::createSoundInternal             :     Create name='FMOD/FMOD_WoL/Build/Desktop/VFX.bank', mode=0x02010082
[LOG] SystemI::createSoundInternal             :     exinfo->cbsize             = 224
[LOG] SystemI::createSoundInternal             :     exinfo->length             = 7386464
[LOG] SystemI::createSoundInternal             :     exinfo->fileoffset         = 108672
[LOG] SystemI::createSoundInternal             :     exinfo->numsubsounds       = 1
[LOG] SystemI::createSoundInternal             :     exinfo->inclusionlist      = 0000026EBFB4BDE0
[LOG] SystemI::createSoundInternal             :     exinfo->inclusionlistnum   = 1
[LOG] SystemI::createSoundInternal             :     exinfo->suggestedsoundtype = 5
[LOG] SystemI::createSoundInternal             :     exinfo->initialseekpostype = 1
[LOG] SystemI::createSoundInternal             :     Stream 0/1: name='stream3', format=5, channels=2, frequency=48000, lengthbytes=133184, lengthpcm=489600, pcmblocksize=0, loopstart=0, loopend=0, mode=0x00000000, channelmask=0x00000000, channelorder=0, peakvolume=0.136536.
[LOG] AsyncThread::threadFunc                  : Finished Asynchronous operation on sound 000002715C56A788
[LOG] AsyncThread::threadFunc                  : Starting Asynchronous operation on sound 00000270042443C8
[LOG] SystemI::createSoundInternal             :     Create name='FMOD/FMOD_WoL/Build/Desktop/VFX.bank', mode=0x02010082
[LOG] SystemI::createSoundInternal             :     exinfo->cbsize             = 224
[LOG] SystemI::createSoundInternal             :     exinfo->length             = 7386464
[LOG] SystemI::createSoundInternal             :     exinfo->fileoffset         = 108672
[LOG] SystemI::createSoundInternal             :     exinfo->numsubsounds       = 1
[LOG] SystemI::createSoundInternal             :     exinfo->inclusionlist      = 0000026EBFB4B660
[LOG] SystemI::createSoundInternal             :     exinfo->inclusionlistnum   = 1
[LOG] SystemI::createSoundInternal             :     exinfo->suggestedsoundtype = 5
[LOG] SystemI::createSoundInternal             :     exinfo->initialseekpostype = 1
[LOG] SystemI::createSoundInternal             :     Stream 0/1: name='stream3', format=5, channels=2, frequency=48000, lengthbytes=133184, lengthpcm=489600, pcmblocksize=0, loopstart=0, loopend=0, mode=0x00000000, channelmask=0x00000000, channelorder=0, peakvolume=0.136536.
[LOG] AsyncThread::threadFunc                  : Finished Asynchronous operation on sound 00000270042443C8
[LOG] AsyncThread::threadFunc                  : Starting Asynchronous operation on sound 00000270042452F8
[LOG] SystemI::createSoundInternal             :     Create name='FMOD/FMOD_WoL/Build/Desktop/VFX.bank', mode=0x02010082
[LOG] SystemI::createSoundInternal             :     exinfo->cbsize             = 224
[LOG] SystemI::createSoundInternal             :     exinfo->length             = 7386464
[LOG] SystemI::createSoundInternal             :     exinfo->fileoffset         = 108672
[LOG] SystemI::createSoundInternal             :     exinfo->numsubsounds       = 1
[LOG] SystemI::createSoundInternal             :     exinfo->inclusionlist      = 0000026EBFB4C1A0
[LOG] SystemI::createSoundInternal             :     exinfo->inclusionlistnum   = 1
[LOG] SystemI::createSoundInternal             :     exinfo->suggestedsoundtype = 5
[LOG] SystemI::createSoundInternal             :     exinfo->initialseekpostype = 1
[LOG] SystemI::createSoundInternal             :     Stream 0/1: name='stream3', format=5, channels=2, frequency=48000, lengthbytes=133184, lengthpcm=489600, pcmblocksize=0, loopstart=0, loopend=0, mode=0x00000000, channelmask=0x00000000, channelorder=0, peakvolume=0.136536.
[LOG] AsyncThread::threadFunc                  : Finished Asynchronous operation on sound 00000270042452F8
[LOG] AsyncThread::threadFunc                  : Starting Asynchronous operation on sound 0000027004244578
[LOG] SystemI::createSoundInternal             :     Create name='FMOD/FMOD_WoL/Build/Desktop/VFX.bank', mode=0x02010082
[LOG] SystemI::createSoundInternal             :     exinfo->cbsize             = 224
[LOG] SystemI::createSoundInternal             :     exinfo->length             = 7386464
[LOG] SystemI::createSoundInternal             :     exinfo->fileoffset         = 108672
[LOG] SystemI::createSoundInternal             :     exinfo->numsubsounds       = 1
[LOG] SystemI::createSoundInternal             :     exinfo->inclusionlist      = 0000026EBFB4CBA0
[LOG] SystemI::createSoundInternal             :     exinfo->inclusionlistnum   = 1
[LOG] SystemI::createSoundInternal             :     exinfo->suggestedsoundtype = 5
[LOG] SystemI::createSoundInternal             :     exinfo->initialseekpostype = 1
[LOG] SystemI::createSoundInternal             :     Stream 0/1: name='stream3', format=5, channels=2, frequency=48000, lengthbytes=133184, lengthpcm=489600, pcmblocksize=0, loopstart=0, loopend=0, mode=0x00000000, channelmask=0x00000000, channelorder=0, peakvolume=0.136536.
[LOG] AsyncThread::threadFunc                  : Finished Asynchronous operation on sound 0000027004244578
[LOG] AsyncThread::threadFunc                  : Starting Asynchronous operation on sound 0000027004244C38
[LOG] SystemI::createSoundInternal             :     Create name='FMOD/FMOD_WoL/Build/Desktop/VFX.bank', mode=0x02010082
[LOG] SystemI::createSoundInternal             :     exinfo->cbsize             = 224
[LOG] SystemI::createSoundInternal             :     exinfo->length             = 7386464
[LOG] SystemI::createSoundInternal             :     exinfo->fileoffset         = 108672
[LOG] SystemI::createSoundInternal             :     exinfo->numsubsounds       = 1
[LOG] SystemI::createSoundInternal             :     exinfo->inclusionlist      = 00000271673E2CE0
[LOG] SystemI::createSoundInternal             :     exinfo->inclusionlistnum   = 1
[LOG] SystemI::createSoundInternal             :     exinfo->suggestedsoundtype = 5
[LOG] SystemI::createSoundInternal             :     exinfo->initialseekpostype = 1
[LOG] SystemI::createSoundInternal             :     Stream 0/1: name='stream3', format=5, channels=2, frequency=48000, lengthbytes=133184, lengthpcm=489600, pcmblocksize=0, loopstart=0, loopend=0, mode=0x00000000, channelmask=0x00000000, channelorder=0, peakvolume=0.136536.
[LOG] AsyncThread::threadFunc                  : Finished Asynchronous operation on sound 0000027004244C38
[LOG] AsyncThread::threadFunc                  : Starting Asynchronous operation on sound 0000027004246FA8
[LOG] SystemI::createSoundInternal             :     Create name='FMOD/FMOD_WoL/Build/Desktop/VFX.bank', mode=0x02010082
[LOG] SystemI::createSoundInternal             :     exinfo->cbsize             = 224
[LOG] SystemI::createSoundInternal             :     exinfo->length             = 7386464
[LOG] SystemI::createSoundInternal             :     exinfo->fileoffset         = 108672
[LOG] SystemI::createSoundInternal             :     exinfo->numsubsounds       = 1
[LOG] SystemI::createSoundInternal             :     exinfo->inclusionlist      = 00000271673E21A0
[LOG] SystemI::createSoundInternal             :     exinfo->inclusionlistnum   = 1
[LOG] SystemI::createSoundInternal             :     exinfo->suggestedsoundtype = 5
[LOG] SystemI::createSoundInternal             :     exinfo->initialseekpostype = 1
[LOG] SystemI::createSoundInternal             :     Stream 0/1: name='Som Ambiente ', format=5, channels=2, frequency=48000, lengthbytes=661216, lengthpcm=2663235, pcmblocksize=0, loopstart=0, loopend=0, mode=0x00000000, channelmask=0x00000000, channelorder=0, peakvolume=0.366974.
[LOG] AsyncThread::threadFunc                  : Finished Asynchronous operation on sound 0000027004246FA8
[LOG] AsyncThread::threadFunc                  : Starting Asynchronous operation on sound 00000270042463D8
[LOG] SystemI::createSoundInternal             :     Create name='FMOD/FMOD_WoL/Build/Desktop/VFX.bank', mode=0x02010082
[LOG] SystemI::createSoundInternal             :     exinfo->cbsize             = 224
[LOG] SystemI::createSoundInternal             :     exinfo->length             = 7386464
[LOG] SystemI::createSoundInternal             :     exinfo->fileoffset         = 108672
[LOG] SystemI::createSoundInternal             :     exinfo->numsubsounds       = 1
[LOG] SystemI::createSoundInternal             :     exinfo->inclusionlist      = 0000027004293920
[LOG] SystemI::createSoundInternal             :     exinfo->inclusionlistnum   = 1
[LOG] SystemI::createSoundInternal             :     exinfo->suggestedsoundtype = 5
[LOG] SystemI::createSoundInternal             :     exinfo->initialseekpostype = 1
[LOG] SystemI::createSoundInternal             :     Stream 0/1: name='Goteira', format=5, channels=2, frequency=48000, lengthbytes=280768, lengthpcm=963029, pcmblocksize=0, loopstart=0, loopend=0, mode=0x00000000, channelmask=0x00000000, channelorder=0, peakvolume=0.505646.
[LOG] AsyncThread::threadFunc                  : Finished Asynchronous operation on sound 00000270042463D8
[LOG] SoundI::release                          : stream3 (00000271628F1438)
[LOG] SoundI::release                          :     stream3 (0000027173AF07C8)
[LOG] SoundI::release                          :     stream3 (000002716E3A6758)
[LOG] SoundI::release                          : stream3 (000002700D379868)
[LOG] SoundI::release                          :     stream3 (0000027015C3B7D8)
[LOG] SoundI::release                          :     stream3 (000002716E39F498)
[LOG] SoundI::release                          : stream3 (000002700D378278)
[LOG] SoundI::release                          :     stream3 (0000027015C3BB18)
[LOG] SoundI::release                          :     stream3 (000002716E39EA78)
[LOG] SoundI::release                          : stream3 (000002700D37B008)
[LOG] SoundI::release                          :     stream3 (0000027013AA97C8)
[LOG] SoundI::release                          :     stream3 (000002700D37D888)
[LOG] SoundI::release                          : stream3 (000002700D3759F8)
[LOG] SoundI::release                          :     stream3 (0000026D067A30B8)
[LOG] SoundI::release                          :     stream3 (000002700EB54738)
[LOG] SoundI::release                          : stream3 (000002700D375698)
[LOG] SoundI::release                          :     stream3 (0000026D067A3A78)
[LOG] SoundI::release                          :     stream3 (000002700EB59178)
[LOG] SoundI::release                          : stream3 (000002700D377BB8)
[LOG] SoundI::release                          :     stream3 (00000270048FBFF8)
[LOG] SoundI::release                          :     stream3 (00000271628EE198)
[LOG] AsyncThread::add                         : add sound to async queue : soundi = 00000271B2A3EBE8, queue head = 000002700ED19558, queue count = 0
[LOG] AsyncThread::threadFunc                  : Starting Asynchronous operation on sound 00000271B2A3EBE8
[LOG] AsyncThread::add                         : add sound to async queue : soundi = 00000271B2A40388, queue head = 000002700ED19558, queue count = 0
[LOG] AsyncThread::threadFunc                  : Finished Asynchronous operation on sound 00000271B2A3EBE8
[LOG] AsyncThread::threadFunc                  : Starting Asynchronous operation on sound 00000271B2A40388
[LOG] AsyncThread::threadFunc                  : Finished Asynchronous operation on sound 00000271B2A40388
[LOG] SoundI::release                          : Goteira (000002700D379508)
[LOG] SoundI::release                          :     Goteira (0000027015C3AC78)
[LOG] SoundI::release                          :     Goteira (000002716E3A2738)
[LOG] SoundI::release                          : Som Ambiente  (000002700D377D68)
[LOG] SoundI::release                          :     Som Ambiente  (0000027013AA9CA8)
[LOG] SoundI::release                          :     Som Ambiente  (000002700D37C448)
[LOG] SoundI::release                          : MusicaIncial (000002700D378C98)
[LOG] SoundI::release                          :     MusicaIncial (0000027013AA9968)
[LOG] SoundI::release                          :     MusicaIncial (000002700D37CB08)
[LOG] SoundI::release                          : mechanical-sfx-018-314780 (00000271628F4F48)
[LOG] SoundI::release                          :     mechanical-sfx-018-314780 (000002700C034DE8)
[LOG] SoundI::release                          :     mechanical-sfx-018-314780 (000002716E3A8E28)
[LOG] SoundI::release                          : mechanical-sfx-018-314780 (000002700D378428)
[LOG] SoundI::release                          :     mechanical-sfx-018-314780 (0000027015C395B8)
[LOG] SoundI::release                          :     mechanical-sfx-018-314780 (000002716E3A1D18)
[LOG] SoundI::release                          : mechanical-sfx-018-314780 (000002700D379D78)
[LOG] SoundI::release                          :     mechanical-sfx-018-314780 (0000026D067A3C18)
[LOG] SoundI::release                          :     mechanical-sfx-018-314780 (000002700EB53808)
[LOG] SystemI::createSound                     : filename = FMOD/FMOD_WoL/Build/Desktop/VFX.bank : mode 02010082
[LOG] SystemI::createSound                     : FMOD_NONBLOCKING specified.  Putting into queue to be opened asynchronously!
[LOG] AsyncThread::add                         : add sound to async queue : soundi = 000002700D37B008, queue head = 000002700ED19558, queue count = 0
[LOG] AsyncThread::threadFunc                  : Starting Asynchronous operation on sound 000002700D37B008
[LOG] SystemI::createSound                     : filename = FMOD/FMOD_WoL/Build/Desktop/VFX.bank : mode 02010082
[LOG] SystemI::createSoundInternal             :     Create name='FMOD/FMOD_WoL/Build/Desktop/VFX.bank', mode=0x02010082
[LOG] SystemI::createSound                     :     FMOD_NONBLOCKING specified.  Putting into queue to be opened asynchronously!
[LOG] SystemI::createSoundInternal             :     exinfo->cbsize             = 224
[LOG] AsyncThread::add                         :     add sound to async queue : soundi = 000002700D3791A8, queue head = 000002700ED19558, queue count = 0
[LOG] SystemI::createSoundInternal             :     exinfo->length             = 7386464
[LOG] SystemI::createSoundInternal             :     exinfo->fileoffset         = 108672
[LOG] SystemI::createSoundInternal             :     exinfo->numsubsounds       = 1
[LOG] SystemI::createSoundInternal             :     exinfo->inclusionlist      = 0000027004CA7900
[LOG] SystemI::createSoundInternal             :     exinfo->inclusionlistnum   = 1
[LOG] SystemI::createSound                     :     filename = FMOD/FMOD_WoL/Build/Desktop/VFX.bank : mode 02010082
[LOG] SystemI::createSoundInternal             :     exinfo->suggestedsoundtype = 5
[LOG] SystemI::createSound                     :     FMOD_NONBLOCKING specified.  Putting into queue to be opened asynchronously!
[LOG] SystemI::createSoundInternal             :     exinfo->initialseekposition = 25715
[LOG] AsyncThread::add                         :     add sound to async queue : soundi = 000002700D376E38, queue head = 000002700ED19558, queue count = 1
[LOG] SystemI::createSoundInternal             :     exinfo->initialseekpostype = 1
[LOG] SystemI::createSound                     :     filename = FMOD/FMOD_WoL/Build/Desktop/VFX.bank : mode 02010082
[LOG] SystemI::createSound                     :     FMOD_NONBLOCKING specified.  Putting into queue to be opened asynchronously!
[LOG] AsyncThread::add                         :     add sound to async queue : soundi = 000002700D375F08, queue head = 000002700ED19558, queue count = 2
[LOG] SystemI::createSound                     :     filename = FMOD/FMOD_WoL/Build/Desktop/VFX.bank : mode 02010082
[LOG] SystemI::createSound                     :     FMOD_NONBLOCKING specified.  Putting into queue to be opened asynchronously!
[LOG] AsyncThread::add                         :     add sound to async queue : soundi = 000002700D375698, queue head = 000002700ED19558, queue count = 3
[LOG] SystemI::createSound                     :     filename = FMOD/FMOD_WoL/Build/Desktop/VFX.bank : mode 02010082
[LOG] SystemI::createSound                     :     FMOD_NONBLOCKING specified.  Putting into queue to be opened asynchronously!
[LOG] AsyncThread::add                         :     add sound to async queue : soundi = 000002700D378428, queue head = 000002700ED19558, queue count = 4
[LOG] SystemI::createSound                     :     filename = FMOD/FMOD_WoL/Build/Desktop/VFX.bank : mode 02010082
[LOG] SystemI::createSound                     :     FMOD_NONBLOCKING specified.  Putting into queue to be opened asynchronously!
[LOG] AsyncThread::add                         :     add sound to async queue : soundi = 000002700D3759F8, queue head = 000002700ED19558, queue count = 5
[LOG] SystemI::createSound                     :     filename = FMOD/FMOD_WoL/Build/Desktop/VFX.bank : mode 02010082
[LOG] SystemI::createSound                     :     FMOD_NONBLOCKING specified.  Putting into queue to be opened asynchronously!
[LOG] AsyncThread::add                         :     add sound to async queue : soundi = 000002700D378C98, queue head = 000002700ED19558, queue count = 6
[LOG] SystemI::createSoundInternal             :     Stream 0/1: name='item', format=5, channels=2, frequency=48000, lengthbytes=458016, lengthpcm=2093184, pcmblocksize=0, loopstart=0, loopend=0, mode=0x00000000, channelmask=0x00000000, channelorder=0, peakvolume=0.733826.
[LOG] SystemI::createSound                     :     filename = FMOD/FMOD_WoL/Build/Desktop/VFX.bank : mode 02010082
[LOG] SystemI::createSound                     :     FMOD_NONBLOCKING specified.  Putting into queue to be opened asynchronously!
[LOG] AsyncThread::add                         :     add sound to async queue : soundi = 000002700D379868, queue head = 000002700ED19558, queue count = 7
[LOG] SystemI::createSound                     :     filename = FMOD/FMOD_WoL/Build/Desktop/VFX.bank : mode 02010082
[LOG] SystemI::createSound                     :     FMOD_NONBLOCKING specified.  Putting into queue to be opened asynchronously!
[LOG] AsyncThread::add                         :     add sound to async queue : soundi = 000002700D379F28, queue head = 000002700ED19558, queue count = 8
[LOG] SystemI::createSound                     :     filename = FMOD/FMOD_WoL/Build/Desktop/VFX.bank : mode 02010082
[LOG] SystemI::createSound                     :     FMOD_NONBLOCKING specified.  Putting into queue to be opened asynchronously!
[LOG] AsyncThread::add                         :     add sound to async queue : soundi = 000002700D37A948, queue head = 000002700ED19558, queue count = 9
[LOG] SystemI::createSound                     :     filename = FMOD/FMOD_WoL/Build/Desktop/VFX.bank : mode 02010082
[LOG] SystemI::createSound                     :     FMOD_NONBLOCKING specified.  Putting into queue to be opened asynchronously!
[LOG] AsyncThread::add                         :     add sound to async queue : soundi = 000002700D37B878, queue head = 000002700ED19558, queue count = 10
[LOG] SystemI::createSound                     :     filename = FMOD/FMOD_WoL/Build/Desktop/VFX.bank : mode 02010082
[LOG] SystemI::createSound                     :     FMOD_NONBLOCKING specified.  Putting into queue to be opened asynchronously!
[LOG] AsyncThread::add                         :     add sound to async queue : soundi = 000002700D37BF38, queue head = 000002700ED19558, queue count = 11
[LOG] SystemI::createSound                     :     filename = FMOD/FMOD_WoL/Build/Desktop/VFX.bank : mode 02010082
[LOG] SystemI::createSound                     :     FMOD_NONBLOCKING specified.  Putting into queue to be opened asynchronously!
[LOG] AsyncThread::add                         :     add sound to async queue : soundi = 000002700D37D378, queue head = 000002700ED19558, queue count = 12
[LOG] AsyncThread::threadFunc                  : Finished Asynchronous operation on sound 000002700D37B008
[LOG] AsyncThread::threadFunc                  : Starting Asynchronous operation on sound 000002700D3791A8
[LOG] SystemI::createSoundInternal             :     Create name='FMOD/FMOD_WoL/Build/Desktop/VFX.bank', mode=0x02010082
[LOG] SystemI::createSoundInternal             :     exinfo->cbsize             = 224
[LOG] SystemI::createSoundInternal             :     exinfo->length             = 7386464
[LOG] SystemI::createSoundInternal             :     exinfo->fileoffset         = 108672
[LOG] SystemI::createSoundInternal             :     exinfo->numsubsounds       = 1
[LOG] SystemI::createSoundInternal             :     exinfo->inclusionlist      = 0000027004CA7A40
[LOG] SystemI::createSoundInternal             :     exinfo->inclusionlistnum   = 1
[LOG] SystemI::createSoundInternal             :     exinfo->suggestedsoundtype = 5
[LOG] SystemI::createSoundInternal             :     exinfo->initialseekposition = 25715
[LOG] SystemI::createSoundInternal             :     exinfo->initialseekpostype = 1
[LOG] SystemI::createSoundInternal             :     Stream 0/1: name='item', format=5, channels=2, frequency=48000, lengthbytes=458016, lengthpcm=2093184, pcmblocksize=0, loopstart=0, loopend=0, mode=0x00000000, channelmask=0x00000000, channelorder=0, peakvolume=0.733826.
[LOG] AsyncThread::threadFunc                  : Finished Asynchronous operation on sound 000002700D3791A8
[LOG] AsyncThread::threadFunc                  : Starting Asynchronous operation on sound 000002700D376E38
[LOG] SystemI::createSoundInternal             :     Create name='FMOD/FMOD_WoL/Build/Desktop/VFX.bank', mode=0x02010082
[LOG] SystemI::createSoundInternal             :     exinfo->cbsize             = 224
[LOG] SystemI::createSoundInternal             :     exinfo->length             = 7386464
[LOG] SystemI::createSoundInternal             :     exinfo->fileoffset         = 108672
[LOG] SystemI::createSoundInternal             :     exinfo->numsubsounds       = 1
[LOG] SystemI::createSoundInternal             :     exinfo->inclusionlist      = 0000027004CA7B80
[LOG] SystemI::createSoundInternal             :     exinfo->inclusionlistnum   = 1
[LOG] SystemI::createSoundInternal             :     exinfo->suggestedsoundtype = 5
[LOG] SystemI::createSoundInternal             :     exinfo->initialseekposition = 25715
[LOG] SystemI::createSoundInternal             :     exinfo->initialseekpostype = 1
[LOG] SystemI::createSoundInternal             :     Stream 0/1: name='item', format=5, channels=2, frequency=48000, lengthbytes=458016, lengthpcm=2093184, pcmblocksize=0, loopstart=0, loopend=0, mode=0x00000000, channelmask=0x00000000, channelorder=0, peakvolume=0.733826.
[LOG] AsyncThread::threadFunc                  : Finished Asynchronous operation on sound 000002700D376E38
[LOG] AsyncThread::threadFunc                  : Starting Asynchronous operation on sound 000002700D375F08
[LOG] SystemI::createSoundInternal             :     Create name='FMOD/FMOD_WoL/Build/Desktop/VFX.bank', mode=0x02010082
[LOG] SystemI::createSoundInternal             :     exinfo->cbsize             = 224
[LOG] SystemI::createSoundInternal             :     exinfo->length             = 7386464
[LOG] SystemI::createSoundInternal             :     exinfo->fileoffset         = 108672
[LOG] SystemI::createSoundInternal             :     exinfo->numsubsounds       = 1
[LOG] SystemI::createSoundInternal             :     exinfo->inclusionlist      = 000002700EEFE920
[LOG] SystemI::createSoundInternal             :     exinfo->inclusionlistnum   = 1
[LOG] SystemI::createSoundInternal             :     exinfo->suggestedsoundtype = 5
[LOG] SystemI::createSoundInternal             :     exinfo->initialseekposition = 25715
[LOG] SystemI::createSoundInternal             :     exinfo->initialseekpostype = 1
[LOG] SystemI::createSoundInternal             :     Stream 0/1: name='item', format=5, channels=2, frequency=48000, lengthbytes=458016, lengthpcm=2093184, pcmblocksize=0, loopstart=0, loopend=0, mode=0x00000000, channelmask=0x00000000, channelorder=0, peakvolume=0.733826.
[LOG] AsyncThread::threadFunc                  : Finished Asynchronous operation on sound 000002700D375F08
[LOG] AsyncThread::threadFunc                  : Starting Asynchronous operation on sound 000002700D375698
[LOG] SystemI::createSoundInternal             :     Create name='FMOD/FMOD_WoL/Build/Desktop/VFX.bank', mode=0x02010082
[LOG] SystemI::createSoundInternal             :     exinfo->cbsize             = 224
[LOG] SystemI::createSoundInternal             :     exinfo->length             = 7386464
[LOG] SystemI::createSoundInternal             :     exinfo->fileoffset         = 108672
[LOG] SystemI::createSoundInternal             :     exinfo->numsubsounds       = 1
[LOG] SystemI::createSoundInternal             :     exinfo->inclusionlist      = 000002700EEFEBA0
[LOG] SystemI::createSoundInternal             :     exinfo->inclusionlistnum   = 1
[LOG] SystemI::createSoundInternal             :     exinfo->suggestedsoundtype = 5
[LOG] SystemI::createSoundInternal             :     exinfo->initialseekposition = 25715
[LOG] SystemI::createSoundInternal             :     exinfo->initialseekpostype = 1
[LOG] SystemI::createSoundInternal             :     Stream 0/1: name='item', format=5, channels=2, frequency=48000, lengthbytes=458016, lengthpcm=2093184, pcmblocksize=0, loopstart=0, loopend=0, mode=0x00000000, channelmask=0x00000000, channelorder=0, peakvolume=0.733826.
[LOG] AsyncThread::threadFunc                  : Finished Asynchronous operation on sound 000002700D375698
[LOG] AsyncThread::threadFunc                  : Starting Asynchronous operation on sound 000002700D378428
[LOG] SystemI::createSoundInternal             :     Create name='FMOD/FMOD_WoL/Build/Desktop/VFX.bank', mode=0x02010082
[LOG] SystemI::createSoundInternal             :     exinfo->cbsize             = 224
[LOG] SystemI::createSoundInternal             :     exinfo->length             = 7386464
[LOG] SystemI::createSoundInternal             :     exinfo->fileoffset         = 108672
[LOG] SystemI::createSoundInternal             :     exinfo->numsubsounds       = 1
[LOG] SystemI::createSoundInternal             :     exinfo->inclusionlist      = 000002700EEFECE0
[LOG] SystemI::createSoundInternal             :     exinfo->inclusionlistnum   = 1
[LOG] SystemI::createSoundInternal             :     exinfo->suggestedsoundtype = 5
[LOG] SystemI::createSoundInternal             :     exinfo->initialseekposition = 25715
[LOG] SystemI::createSoundInternal             :     exinfo->initialseekpostype = 1
[LOG] SystemI::createSoundInternal             :     Stream 0/1: name='item', format=5, channels=2, frequency=48000, lengthbytes=458016, lengthpcm=2093184, pcmblocksize=0, loopstart=0, loopend=0, mode=0x00000000, channelmask=0x00000000, channelorder=0, peakvolume=0.733826.
[LOG] AsyncThread::threadFunc                  : Finished Asynchronous operation on sound 000002700D378428
[LOG] AsyncThread::threadFunc                  : Starting Asynchronous operation on sound 000002700D3759F8
[LOG] SystemI::createSoundInternal             :     Create name='FMOD/FMOD_WoL/Build/Desktop/VFX.bank', mode=0x02010082
[LOG] SystemI::createSoundInternal             :     exinfo->cbsize             = 224
[LOG] SystemI::createSoundInternal             :     exinfo->length             = 7386464
[LOG] SystemI::createSoundInternal             :     exinfo->fileoffset         = 108672
[LOG] SystemI::createSoundInternal             :     exinfo->numsubsounds       = 1
[LOG] SystemI::createSoundInternal             :     exinfo->inclusionlist      = 000002700EEFE6A0
[LOG] SystemI::createSoundInternal             :     exinfo->inclusionlistnum   = 1
[LOG] SystemI::createSoundInternal             :     exinfo->suggestedsoundtype = 5
[LOG] SystemI::createSoundInternal             :     exinfo->initialseekposition = 25715
[LOG] SystemI::createSoundInternal             :     exinfo->initialseekpostype = 1
[LOG] SystemI::createSoundInternal             :     Stream 0/1: name='item', format=5, channels=2, frequency=48000, lengthbytes=458016, lengthpcm=2093184, pcmblocksize=0, loopstart=0, loopend=0, mode=0x00000000, channelmask=0x00000000, channelorder=0, peakvolume=0.733826.
[LOG] AsyncThread::threadFunc                  : Finished Asynchronous operation on sound 000002700D3759F8
[LOG] AsyncThread::threadFunc                  : Starting Asynchronous operation on sound 000002700D378C98
[LOG] SystemI::createSoundInternal             :     Create name='FMOD/FMOD_WoL/Build/Desktop/VFX.bank', mode=0x02010082
[LOG] SystemI::createSoundInternal             :     exinfo->cbsize             = 224
[LOG] SystemI::createSoundInternal             :     exinfo->length             = 7386464
[LOG] SystemI::createSoundInternal             :     exinfo->fileoffset         = 108672
[LOG] SystemI::createSoundInternal             :     exinfo->numsubsounds       = 1
[LOG] SystemI::createSoundInternal             :     exinfo->inclusionlist      = 000002700EEFE2E0
[LOG] SystemI::createSoundInternal             :     exinfo->inclusionlistnum   = 1
[LOG] SystemI::createSoundInternal             :     exinfo->suggestedsoundtype = 5
[LOG] SystemI::createSoundInternal             :     exinfo->initialseekposition = 25715
[LOG] SystemI::createSoundInternal             :     exinfo->initialseekpostype = 1
[LOG] SystemI::createSoundInternal             :     Stream 0/1: name='item', format=5, channels=2, frequency=48000, lengthbytes=458016, lengthpcm=2093184, pcmblocksize=0, loopstart=0, loopend=0, mode=0x00000000, channelmask=0x00000000, channelorder=0, peakvolume=0.733826.
[LOG] AsyncThread::threadFunc                  : Finished Asynchronous operation on sound 000002700D378C98
[LOG] AsyncThread::threadFunc                  : Starting Asynchronous operation on sound 000002700D379868
[LOG] SystemI::createSoundInternal             :     Create name='FMOD/FMOD_WoL/Build/Desktop/VFX.bank', mode=0x02010082
[LOG] SystemI::createSoundInternal             :     exinfo->cbsize             = 224
[LOG] SystemI::createSoundInternal             :     exinfo->length             = 7386464
[LOG] SystemI::createSoundInternal             :     exinfo->fileoffset         = 108672
[LOG] SystemI::createSoundInternal             :     exinfo->numsubsounds       = 1
[LOG] SystemI::createSoundInternal             :     exinfo->inclusionlist      = 000002700EEFEF60
[LOG] SystemI::createSoundInternal             :     exinfo->inclusionlistnum   = 1
[LOG] SystemI::createSoundInternal             :     exinfo->suggestedsoundtype = 5
[LOG] SystemI::createSoundInternal             :     exinfo->initialseekposition = 25715
[LOG] SystemI::createSoundInternal             :     exinfo->initialseekpostype = 1
[LOG] SystemI::createSoundInternal             :     Stream 0/1: name='item', format=5, channels=2, frequency=48000, lengthbytes=458016, lengthpcm=2093184, pcmblocksize=0, loopstart=0, loopend=0, mode=0x00000000, channelmask=0x00000000, channelorder=0, peakvolume=0.733826.
[LOG] AsyncThread::threadFunc                  : Finished Asynchronous operation on sound 000002700D379868
[LOG] AsyncThread::threadFunc                  : Starting Asynchronous operation on sound 000002700D379F28
[LOG] SystemI::createSoundInternal             :     Create name='FMOD/FMOD_WoL/Build/Desktop/VFX.bank', mode=0x02010082
[LOG] SystemI::createSoundInternal             :     exinfo->cbsize             = 224
[LOG] SystemI::createSoundInternal             :     exinfo->length             = 7386464
[LOG] SystemI::createSoundInternal             :     exinfo->fileoffset         = 108672
[LOG] SystemI::createSoundInternal             :     exinfo->numsubsounds       = 1
[LOG] SystemI::createSoundInternal             :     exinfo->inclusionlist      = 000002700EEFE420
[LOG] SystemI::createSoundInternal             :     exinfo->inclusionlistnum   = 1
[LOG] SystemI::createSoundInternal             :     exinfo->suggestedsoundtype = 5
[LOG] SystemI::createSoundInternal             :     exinfo->initialseekposition = 25715
[LOG] SystemI::createSoundInternal             :     exinfo->initialseekpostype = 1
[LOG] SystemI::createSoundInternal             :     Stream 0/1: name='item', format=5, channels=2, frequency=48000, lengthbytes=458016, lengthpcm=2093184, pcmblocksize=0, loopstart=0, loopend=0, mode=0x00000000, channelmask=0x00000000, channelorder=0, peakvolume=0.733826.
[LOG] AsyncThread::threadFunc                  : Finished Asynchronous operation on sound 000002700D379F28
[LOG] AsyncThread::threadFunc                  : Starting Asynchronous operation on sound 000002700D37A948
[LOG] SystemI::createSoundInternal             :     Create name='FMOD/FMOD_WoL/Build/Desktop/VFX.bank', mode=0x02010082
[LOG] SystemI::createSoundInternal             :     exinfo->cbsize             = 224
[LOG] SystemI::createSoundInternal             :     exinfo->length             = 7386464
[LOG] SystemI::createSoundInternal             :     exinfo->fileoffset         = 108672
[LOG] SystemI::createSoundInternal             :     exinfo->numsubsounds       = 1
[LOG] SystemI::createSoundInternal             :     exinfo->inclusionlist      = 000002700FBF6BE0
[LOG] SystemI::createSoundInternal             :     exinfo->inclusionlistnum   = 1
[LOG] SystemI::createSoundInternal             :     exinfo->suggestedsoundtype = 5
[LOG] SystemI::createSoundInternal             :     exinfo->initialseekposition = 25715
[LOG] SystemI::createSoundInternal             :     exinfo->initialseekpostype = 1
[LOG] SystemI::createSoundInternal             :     Stream 0/1: name='item', format=5, channels=2, frequency=48000, lengthbytes=458016, lengthpcm=2093184, pcmblocksize=0, loopstart=0, loopend=0, mode=0x00000000, channelmask=0x00000000, channelorder=0, peakvolume=0.733826.
[LOG] AsyncThread::threadFunc                  : Finished Asynchronous operation on sound 000002700D37A948
[LOG] AsyncThread::threadFunc                  : Starting Asynchronous operation on sound 000002700D37B878
[LOG] SystemI::createSoundInternal             :     Create name='FMOD/FMOD_WoL/Build/Desktop/VFX.bank', mode=0x02010082
[LOG] SystemI::createSoundInternal             :     exinfo->cbsize             = 224
[LOG] SystemI::createSoundInternal             :     exinfo->length             = 7386464
[LOG] SystemI::createSoundInternal             :     exinfo->fileoffset         = 108672
[LOG] SystemI::createSoundInternal             :     exinfo->numsubsounds       = 1
[LOG] SystemI::createSoundInternal             :     exinfo->inclusionlist      = 000002700FBF6D20
[LOG] SystemI::createSoundInternal             :     exinfo->inclusionlistnum   = 1
[LOG] SystemI::createSoundInternal             :     exinfo->suggestedsoundtype = 5
[LOG] SystemI::createSoundInternal             :     exinfo->initialseekposition = 25715
[LOG] SystemI::createSoundInternal             :     exinfo->initialseekpostype = 1
[LOG] SystemI::createSoundInternal             :     Stream 0/1: name='item', format=5, channels=2, frequency=48000, lengthbytes=458016, lengthpcm=2093184, pcmblocksize=0, loopstart=0, loopend=0, mode=0x00000000, channelmask=0x00000000, channelorder=0, peakvolume=0.733826.
[LOG] AsyncThread::threadFunc                  : Finished Asynchronous operation on sound 000002700D37B878
[LOG] AsyncThread::threadFunc                  : Starting Asynchronous operation on sound 000002700D37BF38
[LOG] SystemI::createSoundInternal             :     Create name='FMOD/FMOD_WoL/Build/Desktop/VFX.bank', mode=0x02010082
[LOG] SystemI::createSoundInternal             :     exinfo->cbsize             = 224
[LOG] SystemI::createSoundInternal             :     exinfo->length             = 7386464
[LOG] SystemI::createSoundInternal             :     exinfo->fileoffset         = 108672
[LOG] SystemI::createSoundInternal             :     exinfo->numsubsounds       = 1
[LOG] SystemI::createSoundInternal             :     exinfo->inclusionlist      = 000002700FBF66E0
[LOG] SystemI::createSoundInternal             :     exinfo->inclusionlistnum   = 1
[LOG] SystemI::createSoundInternal             :     exinfo->suggestedsoundtype = 5
[LOG] SystemI::createSoundInternal             :     exinfo->initialseekposition = 25715
[LOG] SystemI::createSoundInternal             :     exinfo->initialseekpostype = 1
[LOG] SystemI::createSoundInternal             :     Stream 0/1: name='item', format=5, channels=2, frequency=48000, lengthbytes=458016, lengthpcm=2093184, pcmblocksize=0, loopstart=0, loopend=0, mode=0x00000000, channelmask=0x00000000, channelorder=0, peakvolume=0.733826.
[LOG] AsyncThread::threadFunc                  : Finished Asynchronous operation on sound 000002700D37BF38
[LOG] AsyncThread::threadFunc                  : Starting Asynchronous operation on sound 000002700D37D378
[LOG] SystemI::createSoundInternal             :     Create name='FMOD/FMOD_WoL/Build/Desktop/VFX.bank', mode=0x02010082
[LOG] SystemI::createSoundInternal             :     exinfo->cbsize             = 224
[LOG] SystemI::createSoundInternal             :     exinfo->length             = 7386464
[LOG] SystemI::createSoundInternal             :     exinfo->fileoffset         = 108672
[LOG] SystemI::createSoundInternal             :     exinfo->numsubsounds       = 1
[LOG] SystemI::createSoundInternal             :     exinfo->inclusionlist      = 000002700FBF6E60
[LOG] SystemI::createSoundInternal             :     exinfo->inclusionlistnum   = 1
[LOG] SystemI::createSoundInternal             :     exinfo->suggestedsoundtype = 5
[LOG] SystemI::createSoundInternal             :     exinfo->initialseekposition = 25715
[LOG] SystemI::createSoundInternal             :     exinfo->initialseekpostype = 1
[LOG] SystemI::createSoundInternal             :     Stream 0/1: name='item', format=5, channels=2, frequency=48000, lengthbytes=458016, lengthpcm=2093184, pcmblocksize=0, loopstart=0, loopend=0, mode=0x00000000, channelmask=0x00000000, channelorder=0, peakvolume=0.733826.
[LOG] AsyncThread::threadFunc                  : Finished Asynchronous operation on sound 000002700D37D378
[LOG] SoundI::release                          : item (000002700D372FC8)
[LOG] SoundI::release                          :     item (0000026D055D8CC8)
[LOG] SoundI::release                          :     item (000002715C56BBC8)
[LOG] SoundI::release                          : item (000002700D36EFA8)
[LOG] SoundI::release                          :     item (0000026D055D8988)
[LOG] SoundI::release                          :     item (000002715C5685C8)
[LOG] SoundI::release                          : item (000002700D36FB78)
[LOG] SoundI::release                          :     item (0000026D055D5A68)
[LOG] SoundI::release                          :     item (000002715C56B358)
[LOG] SoundI::release                          : item (000002700D372098)
[LOG] SoundI::release                          :     item (0000026D055D84A8)
[LOG] SoundI::release                          :     item (000002715C56D1B8)
[LOG] SoundI::release                          : item (000002700D372AB8)
[LOG] SoundI::release                          :     item (0000026D055D99C8)
[LOG] SoundI::release                          :     item (000002715C56D6C8)
[LOG] SoundI::release                          : item (000002700D36F818)
[LOG] SoundI::release                          :     item (0000026D055D9828)
[LOG] SoundI::release                          :     item (000002715C56B868)
[LOG] SoundI::release                          : item (000002700D36F308)
[LOG] SoundI::release                          :     item (0000026D055D8B28)
[LOG] SoundI::release                          :     item (000002715C56A428)
[LOG] SoundI::release                          : item (000002700D372C68)
[LOG] SoundI::release                          :     item (0000026D055D6DE8)
[LOG] SoundI::release                          :     item (000002715C56B1A8)
[LOG] SoundI::release                          : item (000002700D3719D8)
[LOG] SoundI::release                          :     item (0000026D055D7948)
[LOG] SoundI::release                          :     item (000002715C56F528)
[LOG] SoundI::release                          : item (000002700D36E8E8)
[LOG] SoundI::release                          :     item (0000026D055D50A8)
[LOG] SoundI::release                          :     item (000002715C56F1C8)
[LOG] SoundI::release                          : item (000002700D36F9C8)
[LOG] SoundI::release                          :     item (0000026D055D6288)
[LOG] SoundI::release                          :     item (000002715C5700F8)
[LOG] SoundI::release                          : item (000002700D370598)
[LOG] SoundI::release                          :     item (0000026D055D7468)
[LOG] SoundI::release                          :     item (000002715C56F018)
[LOG] SoundI::release                          : item (000002700D373D48)
[LOG] SoundI::release                          :     item (0000026D055D72C8)
[LOG] SoundI::release                          :     item (000002715C56FF48)
[LOG] SoundI::release                          : item (000002700D3708F8)
[LOG] SoundI::release                          :     item (0000026D055D7128)
[LOG] SoundI::release                          :     item (000002715C56FBE8)
[LOG] SystemI::createSound                     : filename = FMOD/FMOD_WoL/Build/Desktop/VFX.bank : mode 02010082
[LOG] SystemI::createSound                     : FMOD_NONBLOCKING specified.  Putting into queue to be opened asynchronously!
[LOG] AsyncThread::add                         : add sound to async queue : soundi = 00000271B2A42DB8, queue head = 000002700ED19558, queue count = 0
[LOG] AsyncThread::threadFunc                  : Starting Asynchronous operation on sound 00000271B2A42DB8
[LOG] SystemI::createSoundInternal             :     Create name='FMOD/FMOD_WoL/Build/Desktop/VFX.bank', mode=0x02010082
[LOG] SystemI::createSoundInternal             :     exinfo->cbsize             = 224
[LOG] SystemI::createSoundInternal             :     exinfo->length             = 7386464
[LOG] SystemI::createSoundInternal             :     exinfo->fileoffset         = 108672
[LOG] SystemI::createSoundInternal             :     exinfo->numsubsounds       = 1
[LOG] SystemI::createSoundInternal             :     exinfo->inclusionlist      = 00000270048E6B50
[LOG] SystemI::createSoundInternal             :     exinfo->inclusionlistnum   = 1
[LOG] SystemI::createSoundInternal             :     exinfo->suggestedsoundtype = 5
[LOG] SystemI::createSound                     :     filename = FMOD/FMOD_WoL/Build/Desktop/VFX.bank : mode 02010082
[LOG] SystemI::createSoundInternal             :     exinfo->initialseekpostype = 1
[LOG] SystemI::createSound                     :     FMOD_NONBLOCKING specified.  Putting into queue to be opened asynchronously!
[LOG] AsyncThread::add                         :     add sound to async queue : soundi = 00000271B2A41E88, queue head = 000002700ED19558, queue count = 0
[LOG] SystemI::createSound                     :     filename = FMOD/FMOD_WoL/Build/Desktop/VFX.bank : mode 02010082
[LOG] SystemI::createSound                     :     FMOD_NONBLOCKING specified.  Putting into queue to be opened asynchronously!
[LOG] AsyncThread::add                         :     add sound to async queue : soundi = 00000271B2A43478, queue head = 000002700ED19558, queue count = 1
[LOG] SystemI::createSoundInternal             :     Stream 0/1: name='oscillating-electronic-machine-31839', format=5, channels=2, frequency=48000, lengthbytes=160384, lengthpcm=653184, pcmblocksize=0, loopstart=0, loopend=0, mode=0x00000000, channelmask=0x00000000, channelorder=0, peakvolume=0.438171.
[LOG] AsyncThread::threadFunc                  : Finished Asynchronous operation on sound 00000271B2A42DB8
[LOG] AsyncThread::threadFunc                  : Starting Asynchronous operation on sound 00000271B2A41E88
[LOG] SystemI::createSoundInternal             :     Create name='FMOD/FMOD_WoL/Build/Desktop/VFX.bank', mode=0x02010082
[LOG] SystemI::createSoundInternal             :     exinfo->cbsize             = 224
[LOG] SystemI::createSoundInternal             :     exinfo->length             = 7386464
[LOG] SystemI::createSoundInternal             :     exinfo->fileoffset         = 108672
[LOG] SystemI::createSoundInternal             :     exinfo->numsubsounds       = 1
[LOG] SystemI::createSoundInternal             :     exinfo->inclusionlist      = 00000270048E68D0
[LOG] SystemI::createSoundInternal             :     exinfo->inclusionlistnum   = 1
[LOG] SystemI::createSoundInternal             :     exinfo->suggestedsoundtype = 5
[LOG] SystemI::createSoundInternal             :     exinfo->initialseekpostype = 1
[LOG] SystemI::createSoundInternal             :     Stream 0/1: name='oscillating-electronic-machine-31839', format=5, channels=2, frequency=48000, lengthbytes=160384, lengthpcm=653184, pcmblocksize=0, loopstart=0, loopend=0, mode=0x00000000, channelmask=0x00000000, channelorder=0, peakvolume=0.438171.
[LOG] AsyncThread::threadFunc                  : Finished Asynchronous operation on sound 00000271B2A41E88
[LOG] AsyncThread::threadFunc                  : Starting Asynchronous operation on sound 00000271B2A43478
[LOG] SystemI::createSoundInternal             :     Create name='FMOD/FMOD_WoL/Build/Desktop/VFX.bank', mode=0x02010082
[LOG] SystemI::createSoundInternal             :     exinfo->cbsize             = 224
[LOG] SystemI::createSoundInternal             :     exinfo->length             = 7386464
[LOG] SystemI::createSoundInternal             :     exinfo->fileoffset         = 108672
[LOG] SystemI::createSoundInternal             :     exinfo->numsubsounds       = 1
[LOG] SystemI::createSoundInternal             :     exinfo->inclusionlist      = 00000270048E7050
[LOG] SystemI::createSoundInternal             :     exinfo->inclusionlistnum   = 1
[LOG] SystemI::createSoundInternal             :     exinfo->suggestedsoundtype = 5
[LOG] SystemI::createSoundInternal             :     exinfo->initialseekpostype = 1
[LOG] SystemI::createSoundInternal             :     Stream 0/1: name='oscillating-electronic-machine-31839', format=5, channels=2, frequency=48000, lengthbytes=160384, lengthpcm=653184, pcmblocksize=0, loopstart=0, loopend=0, mode=0x00000000, channelmask=0x00000000, channelorder=0, peakvolume=0.438171.
[LOG] AsyncThread::threadFunc                  : Finished Asynchronous operation on sound 00000271B2A43478
[LOG] SoundI::release                          : oscillating-electronic-machine-31839 (000002715C56F378)
[LOG] SoundI::release                          :     oscillating-electronic-machine-31839 (000002700C039D88)
[LOG] SoundI::release                          :     oscillating-electronic-machine-31839 (000002716E3A7838)
[LOG] SoundI::release                          : oscillating-electronic-machine-31839 (000002715C56FD98)
[LOG] SoundI::release                          :     oscillating-electronic-machine-31839 (000002700C037008)
[LOG] SoundI::release                          :     oscillating-electronic-machine-31839 (000002716E3A6FC8)
[LOG] SoundI::release                          : oscillating-electronic-machine-31839 (0000026F7C1C5258)
[LOG] SoundI::release                          :     oscillating-electronic-machine-31839 (000002700C0345C8)
[LOG] SoundI::release                          :     oscillating-electronic-machine-31839 (000002716E3A7B98)
[LOG] SystemI::createSound                     : filename = FMOD/FMOD_WoL/Build/Desktop/VFX.bank : mode 02010082
[LOG] SystemI::createSound                     : FMOD_NONBLOCKING specified.  Putting into queue to be opened asynchronously!
[LOG] AsyncThread::add                         : add sound to async queue : soundi = 000002716E3A65A8, queue head = 000002700ED19558, queue count = 0
[LOG] AsyncThread::threadFunc                  : Starting Asynchronous operation on sound 000002716E3A65A8
[LOG] SystemI::createSoundInternal             :     Create name='FMOD/FMOD_WoL/Build/Desktop/VFX.bank', mode=0x02010082
[LOG] SystemI::createSoundInternal             :     exinfo->cbsize             = 224
[LOG] SystemI::createSoundInternal             :     exinfo->length             = 7386464
[LOG] SystemI::createSoundInternal             :     exinfo->fileoffset         = 108672
[LOG] SystemI::createSoundInternal             :     exinfo->numsubsounds       = 1
[LOG] SystemI::createSoundInternal             :     exinfo->inclusionlist      = 0000026F7D35C2D0
[LOG] SystemI::createSoundInternal             :     exinfo->inclusionlistnum   = 1
[LOG] SystemI::createSoundInternal             :     exinfo->suggestedsoundtype = 5
[LOG] SystemI::createSoundInternal             :     exinfo->initialseekposition = 25715
[LOG] SystemI::createSoundInternal             :     exinfo->initialseekpostype = 1
[LOG] SystemI::createSound                     :     filename = FMOD/FMOD_WoL/Build/Desktop/VFX.bank : mode 02010082
[LOG] SystemI::createSound                     :     FMOD_NONBLOCKING specified.  Putting into queue to be opened asynchronously!
[LOG] AsyncThread::add                         :     add sound to async queue : soundi = 000002716E3A80A8, queue head = 000002700ED19558, queue count = 0
[LOG] SystemI::createSound                     :     filename = FMOD/FMOD_WoL/Build/Desktop/VFX.bank : mode 02010082
[LOG] SystemI::createSoundInternal             :     Stream 0/1: name='item', format=5, channels=2, frequency=48000, lengthbytes=458016, lengthpcm=2093184, pcmblocksize=0, loopstart=0, loopend=0, mode=0x00000000, channelmask=0x00000000, channelorder=0, peakvolume=0.733826.
[LOG] SystemI::createSound                     :     FMOD_NONBLOCKING specified.  Putting into queue to be opened asynchronously!
[LOG] AsyncThread::add                         :     add sound to async queue : soundi = 000002716E3A79E8, queue head = 000002700ED19558, queue count = 1
[LOG] SystemI::createSound                     :     filename = FMOD/FMOD_WoL/Build/Desktop/VFX.bank : mode 02010082
[LOG] SystemI::createSound                     :     FMOD_NONBLOCKING specified.  Putting into queue to be opened asynchronously!
[LOG] AsyncThread::add                         :     add sound to async queue : soundi = 000002716E3A7B98, queue head = 000002700ED19558, queue count = 2
[LOG] SystemI::createSound                     :     filename = FMOD/FMOD_WoL/Build/Desktop/VFX.bank : mode 02010082
[LOG] SystemI::createSound                     :     FMOD_NONBLOCKING specified.  Putting into queue to be opened asynchronously!
[LOG] AsyncThread::add                         :     add sound to async queue : soundi = 000002716E3A5828, queue head = 000002700ED19558, queue count = 3
[LOG] SystemI::createSound                     :     filename = FMOD/FMOD_WoL/Build/Desktop/VFX.bank : mode 02010082
[LOG] SystemI::createSound                     :     FMOD_NONBLOCKING specified.  Putting into queue to be opened asynchronously!
[LOG] AsyncThread::add                         :     add sound to async queue : soundi = 000002716E3A48F8, queue head = 000002700ED19558, queue count = 4
[LOG] SystemI::createSound                     :     filename = FMOD/FMOD_WoL/Build/Desktop/VFX.bank : mode 02010082
[LOG] SystemI::createSound                     :     FMOD_NONBLOCKING specified.  Putting into queue to be opened asynchronously!
[LOG] AsyncThread::add                         :     add sound to async queue : soundi = 000002716E3A6908, queue head = 000002700ED19558, queue count = 5
[LOG] SystemI::createSound                     :     filename = FMOD/FMOD_WoL/Build/Desktop/VFX.bank : mode 02010082
[LOG] SystemI::createSound                     :     FMOD_NONBLOCKING specified.  Putting into queue to be opened asynchronously!
[LOG] AsyncThread::add                         :     add sound to async queue : soundi = 000002716E3A5EE8, queue head = 000002700ED19558, queue count = 6
[LOG] SystemI::createSound                     :     filename = FMOD/FMOD_WoL/Build/Desktop/VFX.bank : mode 02010082
[LOG] SystemI::createSound                     :     FMOD_NONBLOCKING specified.  Putting into queue to be opened asynchronously!
[LOG] AsyncThread::add                         :     add sound to async queue : soundi = 000002716E3A6098, queue head = 000002700ED19558, queue count = 7
[LOG] SystemI::createSound                     :     filename = FMOD/FMOD_WoL/Build/Desktop/VFX.bank : mode 02010082
[LOG] SystemI::createSound                     :     FMOD_NONBLOCKING specified.  Putting into queue to be opened asynchronously!
[LOG] AsyncThread::add                         :     add sound to async queue : soundi = 000002716E3A4E08, queue head = 000002700ED19558, queue count = 8
[LOG] SystemI::createSound                     :     filename = FMOD/FMOD_WoL/Build/Desktop/VFX.bank : mode 02010082
[LOG] SystemI::createSound                     :     FMOD_NONBLOCKING specified.  Putting into queue to be opened asynchronously!
[LOG] AsyncThread::add                         :     add sound to async queue : soundi = 000002716E38B758, queue head = 000002700ED19558, queue count = 9
[LOG] SystemI::createSound                     :     filename = FMOD/FMOD_WoL/Build/Desktop/VFX.bank : mode 02010082
[LOG] SystemI::createSound                     :     FMOD_NONBLOCKING specified.  Putting into queue to be opened asynchronously!
[LOG] AsyncThread::add                         :     add sound to async queue : soundi = 000002716E389C58, queue head = 000002700ED19558, queue count = 10
[LOG] SystemI::createSound                     :     filename = FMOD/FMOD_WoL/Build/Desktop/VFX.bank : mode 02010082
[LOG] SystemI::createSound                     :     FMOD_NONBLOCKING specified.  Putting into queue to be opened asynchronously!
[LOG] AsyncThread::add                         :     add sound to async queue : soundi = 000002716E38E848, queue head = 000002700ED19558, queue count = 11
[LOG] SystemI::createSound                     :     filename = FMOD/FMOD_WoL/Build/Desktop/VFX.bank : mode 02010082
[LOG] SystemI::createSound                     :     FMOD_NONBLOCKING specified.  Putting into queue to be opened asynchronously!
[LOG] AsyncThread::add                         :     add sound to async queue : soundi = 000002716E38F418, queue head = 000002700ED19558, queue count = 12
[LOG] AsyncThread::threadFunc                  : Finished Asynchronous operation on sound 000002716E3A65A8
[LOG] AsyncThread::threadFunc                  : Starting Asynchronous operation on sound 000002716E3A80A8
[LOG] SystemI::createSoundInternal             :     Create name='FMOD/FMOD_WoL/Build/Desktop/VFX.bank', mode=0x02010082
[LOG] SystemI::createSoundInternal             :     exinfo->cbsize             = 224
[LOG] SystemI::createSoundInternal             :     exinfo->length             = 7386464
[LOG] SystemI::createSoundInternal             :     exinfo->fileoffset         = 108672
[LOG] SystemI::createSoundInternal             :     exinfo->numsubsounds       = 1
[LOG] SystemI::createSoundInternal             :     exinfo->inclusionlist      = 0000026F7D35BF10
[LOG] SystemI::createSoundInternal             :     exinfo->inclusionlistnum   = 1
[LOG] SystemI::createSoundInternal             :     exinfo->suggestedsoundtype = 5
[LOG] SystemI::createSoundInternal             :     exinfo->initialseekposition = 25715
[LOG] SystemI::createSoundInternal             :     exinfo->initialseekpostype = 1
[LOG] SystemI::createSoundInternal             :     Stream 0/1: name='item', format=5, channels=2, frequency=48000, lengthbytes=458016, lengthpcm=2093184, pcmblocksize=0, loopstart=0, loopend=0, mode=0x00000000, channelmask=0x00000000, channelorder=0, peakvolume=0.733826.
[LOG] AsyncThread::threadFunc                  : Finished Asynchronous operation on sound 000002716E3A80A8
[LOG] AsyncThread::threadFunc                  : Starting Asynchronous operation on sound 000002716E3A79E8
[LOG] SystemI::createSoundInternal             :     Create name='FMOD/FMOD_WoL/Build/Desktop/VFX.bank', mode=0x02010082
[LOG] SystemI::createSoundInternal             :     exinfo->cbsize             = 224
[LOG] SystemI::createSoundInternal             :     exinfo->length             = 7386464
[LOG] SystemI::createSoundInternal             :     exinfo->fileoffset         = 108672
[LOG] SystemI::createSoundInternal             :     exinfo->numsubsounds       = 1
[LOG] SystemI::createSoundInternal             :     exinfo->inclusionlist      = 0000026F7D35C410
[LOG] SystemI::createSoundInternal             :     exinfo->inclusionlistnum   = 1
[LOG] SystemI::createSoundInternal             :     exinfo->suggestedsoundtype = 5
[LOG] SystemI::createSoundInternal             :     exinfo->initialseekposition = 25715
[LOG] SystemI::createSoundInternal             :     exinfo->initialseekpostype = 1
[LOG] SystemI::createSoundInternal             :     Stream 0/1: name='item', format=5, channels=2, frequency=48000, lengthbytes=458016, lengthpcm=2093184, pcmblocksize=0, loopstart=0, loopend=0, mode=0x00000000, channelmask=0x00000000, channelorder=0, peakvolume=0.733826.
[LOG] AsyncThread::threadFunc                  : Finished Asynchronous operation on sound 000002716E3A79E8
[LOG] AsyncThread::threadFunc                  : Starting Asynchronous operation on sound 000002716E3A7B98
[LOG] SystemI::createSoundInternal             :     Create name='FMOD/FMOD_WoL/Build/Desktop/VFX.bank', mode=0x02010082
[LOG] SystemI::createSoundInternal             :     exinfo->cbsize             = 224
[LOG] SystemI::createSoundInternal             :     exinfo->length             = 7386464
[LOG] SystemI::createSoundInternal             :     exinfo->fileoffset         = 108672
[LOG] SystemI::createSoundInternal             :     exinfo->numsubsounds       = 1
[LOG] SystemI::createSoundInternal             :     exinfo->inclusionlist      = 0000026F7D35B650
[LOG] SystemI::createSoundInternal             :     exinfo->inclusionlistnum   = 1
[LOG] SystemI::createSoundInternal             :     exinfo->suggestedsoundtype = 5
[LOG] SystemI::createSoundInternal             :     exinfo->initialseekposition = 25715
[LOG] SystemI::createSoundInternal             :     exinfo->initialseekpostype = 1
[LOG] SystemI::createSoundInternal             :     Stream 0/1: name='item', format=5, channels=2, frequency=48000, lengthbytes=458016, lengthpcm=2093184, pcmblocksize=0, loopstart=0, loopend=0, mode=0x00000000, channelmask=0x00000000, channelorder=0, peakvolume=0.733826.
[LOG] AsyncThread::threadFunc                  : Finished Asynchronous operation on sound 000002716E3A7B98
[LOG] AsyncThread::threadFunc                  : Starting Asynchronous operation on sound 000002716E3A5828
[LOG] SystemI::createSoundInternal             :     Create name='FMOD/FMOD_WoL/Build/Desktop/VFX.bank', mode=0x02010082
[LOG] SystemI::createSoundInternal             :     exinfo->cbsize             = 224
[LOG] SystemI::createSoundInternal             :     exinfo->length             = 7386464
[LOG] SystemI::createSoundInternal             :     exinfo->fileoffset         = 108672
[LOG] SystemI::createSoundInternal             :     exinfo->numsubsounds       = 1
[LOG] SystemI::createSoundInternal             :     exinfo->inclusionlist      = 0000026F7D35B790
[LOG] SystemI::createSoundInternal             :     exinfo->inclusionlistnum   = 1
[LOG] SystemI::createSoundInternal             :     exinfo->suggestedsoundtype = 5
[LOG] SystemI::createSoundInternal             :     exinfo->initialseekposition = 25715
[LOG] SystemI::createSoundInternal             :     exinfo->initialseekpostype = 1
[LOG] SystemI::createSoundInternal             :     Stream 0/1: name='item', format=5, channels=2, frequency=48000, lengthbytes=458016, lengthpcm=2093184, pcmblocksize=0, loopstart=0, loopend=0, mode=0x00000000, channelmask=0x00000000, channelorder=0, peakvolume=0.733826.
[LOG] AsyncThread::threadFunc                  : Finished Asynchronous operation on sound 000002716E3A5828
[LOG] AsyncThread::threadFunc                  : Starting Asynchronous operation on sound 000002716E3A48F8
[LOG] SystemI::createSoundInternal             :     Create name='FMOD/FMOD_WoL/Build/Desktop/VFX.bank', mode=0x02010082
[LOG] SystemI::createSoundInternal             :     exinfo->cbsize             = 224
[LOG] SystemI::createSoundInternal             :     exinfo->length             = 7386464
[LOG] SystemI::createSoundInternal             :     exinfo->fileoffset         = 108672
[LOG] SystemI::createSoundInternal             :     exinfo->numsubsounds       = 1
[LOG] SystemI::createSoundInternal             :     exinfo->inclusionlist      = 0000026F7D35B8D0
[LOG] SystemI::createSoundInternal             :     exinfo->inclusionlistnum   = 1
[LOG] SystemI::createSoundInternal             :     exinfo->suggestedsoundtype = 5
[LOG] SystemI::createSoundInternal             :     exinfo->initialseekposition = 25715
[LOG] SystemI::createSoundInternal             :     exinfo->initialseekpostype = 1
[LOG] SystemI::createSoundInternal             :     Stream 0/1: name='item', format=5, channels=2, frequency=48000, lengthbytes=458016, lengthpcm=2093184, pcmblocksize=0, loopstart=0, loopend=0, mode=0x00000000, channelmask=0x00000000, channelorder=0, peakvolume=0.733826.
[LOG] AsyncThread::threadFunc                  : Finished Asynchronous operation on sound 000002716E3A48F8
[LOG] AsyncThread::threadFunc                  : Starting Asynchronous operation on sound 000002716E3A6908
[LOG] SystemI::createSoundInternal             :     Create name='FMOD/FMOD_WoL/Build/Desktop/VFX.bank', mode=0x02010082
[LOG] SystemI::createSoundInternal             :     exinfo->cbsize             = 224
[LOG] SystemI::createSoundInternal             :     exinfo->length             = 7386464
[LOG] SystemI::createSoundInternal             :     exinfo->fileoffset         = 108672
[LOG] SystemI::createSoundInternal             :     exinfo->numsubsounds       = 1
[LOG] SystemI::createSoundInternal             :     exinfo->inclusionlist      = 0000026F7D35BA10
[LOG] SystemI::createSoundInternal             :     exinfo->inclusionlistnum   = 1
[LOG] SystemI::createSoundInternal             :     exinfo->suggestedsoundtype = 5
[LOG] SystemI::createSoundInternal             :     exinfo->initialseekposition = 25715
[LOG] SystemI::createSoundInternal             :     exinfo->initialseekpostype = 1
[LOG] SystemI::createSoundInternal             :     Stream 0/1: name='item', format=5, channels=2, frequency=48000, lengthbytes=458016, lengthpcm=2093184, pcmblocksize=0, loopstart=0, loopend=0, mode=0x00000000, channelmask=0x00000000, channelorder=0, peakvolume=0.733826.
[LOG] AsyncThread::threadFunc                  : Finished Asynchronous operation on sound 000002716E3A6908
[LOG] AsyncThread::threadFunc                  : Starting Asynchronous operation on sound 000002716E3A5EE8
[LOG] SystemI::createSoundInternal             :     Create name='FMOD/FMOD_WoL/Build/Desktop/VFX.bank', mode=0x02010082
[LOG] SystemI::createSoundInternal             :     exinfo->cbsize             = 224
[LOG] SystemI::createSoundInternal             :     exinfo->length             = 7386464
[LOG] SystemI::createSoundInternal             :     exinfo->fileoffset         = 108672
[LOG] SystemI::createSoundInternal             :     exinfo->numsubsounds       = 1
[LOG] SystemI::createSoundInternal             :     exinfo->inclusionlist      = 0000026D7F3349B0
[LOG] SystemI::createSoundInternal             :     exinfo->inclusionlistnum   = 1
[LOG] SystemI::createSoundInternal             :     exinfo->suggestedsoundtype = 5
[LOG] SystemI::createSoundInternal             :     exinfo->initialseekposition = 25715
[LOG] SystemI::createSoundInternal             :     exinfo->initialseekpostype = 1
[LOG] SystemI::createSoundInternal             :     Stream 0/1: name='item', format=5, channels=2, frequency=48000, lengthbytes=458016, lengthpcm=2093184, pcmblocksize=0, loopstart=0, loopend=0, mode=0x00000000, channelmask=0x00000000, channelorder=0, peakvolume=0.733826.
[LOG] AsyncThread::threadFunc                  : Finished Asynchronous operation on sound 000002716E3A5EE8
[LOG] AsyncThread::threadFunc                  : Starting Asynchronous operation on sound 000002716E3A6098
[LOG] SystemI::createSoundInternal             :     Create name='FMOD/FMOD_WoL/Build/Desktop/VFX.bank', mode=0x02010082
[LOG] SystemI::createSoundInternal             :     exinfo->cbsize             = 224
[LOG] SystemI::createSoundInternal             :     exinfo->length             = 7386464
[LOG] SystemI::createSoundInternal             :     exinfo->fileoffset         = 108672
[LOG] SystemI::createSoundInternal             :     exinfo->numsubsounds       = 1
[LOG] SystemI::createSoundInternal             :     exinfo->inclusionlist      = 0000026D7F334370
[LOG] SystemI::createSoundInternal             :     exinfo->inclusionlistnum   = 1
[LOG] SystemI::createSoundInternal             :     exinfo->suggestedsoundtype = 5
[LOG] SystemI::createSoundInternal             :     exinfo->initialseekposition = 25715
[LOG] SystemI::createSoundInternal             :     exinfo->initialseekpostype = 1
[LOG] SystemI::createSoundInternal             :     Stream 0/1: name='item', format=5, channels=2, frequency=48000, lengthbytes=458016, lengthpcm=2093184, pcmblocksize=0, loopstart=0, loopend=0, mode=0x00000000, channelmask=0x00000000, channelorder=0, peakvolume=0.733826.
[LOG] AsyncThread::threadFunc                  : Finished Asynchronous operation on sound 000002716E3A6098
[LOG] AsyncThread::threadFunc                  : Starting Asynchronous operation on sound 000002716E3A4E08
[LOG] SystemI::createSoundInternal             :     Create name='FMOD/FMOD_WoL/Build/Desktop/VFX.bank', mode=0x02010082
[LOG] SystemI::createSoundInternal             :     exinfo->cbsize             = 224
[LOG] SystemI::createSoundInternal             :     exinfo->length             = 7386464
[LOG] SystemI::createSoundInternal             :     exinfo->fileoffset         = 108672
[LOG] SystemI::createSoundInternal             :     exinfo->numsubsounds       = 1
[LOG] SystemI::createSoundInternal             :     exinfo->inclusionlist      = 0000026D7F334C30
[LOG] SystemI::createSoundInternal             :     exinfo->inclusionlistnum   = 1
[LOG] SystemI::createSoundInternal             :     exinfo->suggestedsoundtype = 5
[LOG] SystemI::createSoundInternal             :     exinfo->initialseekposition = 25715
[LOG] SystemI::createSoundInternal             :     exinfo->initialseekpostype = 1
[LOG] SystemI::createSoundInternal             :     Stream 0/1: name='item', format=5, channels=2, frequency=48000, lengthbytes=458016, lengthpcm=2093184, pcmblocksize=0, loopstart=0, loopend=0, mode=0x00000000, channelmask=0x00000000, channelorder=0, peakvolume=0.733826.
[LOG] AsyncThread::threadFunc                  : Finished Asynchronous operation on sound 000002716E3A4E08
[LOG] AsyncThread::threadFunc                  : Starting Asynchronous operation on sound 000002716E38B758
[LOG] SystemI::createSoundInternal             :     Create name='FMOD/FMOD_WoL/Build/Desktop/VFX.bank', mode=0x02010082
[LOG] SystemI::createSoundInternal             :     exinfo->cbsize             = 224
[LOG] SystemI::createSoundInternal             :     exinfo->length             = 7386464
[LOG] SystemI::createSoundInternal             :     exinfo->fileoffset         = 108672
[LOG] SystemI::createSoundInternal             :     exinfo->numsubsounds       = 1
[LOG] SystemI::createSoundInternal             :     exinfo->inclusionlist      = 00000271733CF990
[LOG] SystemI::createSoundInternal             :     exinfo->inclusionlistnum   = 1
[LOG] SystemI::createSoundInternal             :     exinfo->suggestedsoundtype = 5
[LOG] SystemI::createSoundInternal             :     exinfo->initialseekposition = 25715
[LOG] SystemI::createSoundInternal             :     exinfo->initialseekpostype = 1
[LOG] SystemI::createSoundInternal             :     Stream 0/1: name='item', format=5, channels=2, frequency=48000, lengthbytes=458016, lengthpcm=2093184, pcmblocksize=0, loopstart=0, loopend=0, mode=0x00000000, channelmask=0x00000000, channelorder=0, peakvolume=0.733826.
[LOG] AsyncThread::threadFunc                  : Finished Asynchronous operation on sound 000002716E38B758
[LOG] AsyncThread::threadFunc                  : Starting Asynchronous operation on sound 000002716E389C58
[LOG] SystemI::createSoundInternal             :     Create name='FMOD/FMOD_WoL/Build/Desktop/VFX.bank', mode=0x02010082
[LOG] SystemI::createSoundInternal             :     exinfo->cbsize             = 224
[LOG] SystemI::createSoundInternal             :     exinfo->length             = 7386464
[LOG] SystemI::createSoundInternal             :     exinfo->fileoffset         = 108672
[LOG] SystemI::createSoundInternal             :     exinfo->numsubsounds       = 1
[LOG] SystemI::createSoundInternal             :     exinfo->inclusionlist      = 00000271733CF850
[LOG] SystemI::createSoundInternal             :     exinfo->inclusionlistnum   = 1
[LOG] SystemI::createSoundInternal             :     exinfo->suggestedsoundtype = 5
[LOG] SystemI::createSoundInternal             :     exinfo->initialseekposition = 25715
[LOG] SystemI::createSoundInternal             :     exinfo->initialseekpostype = 1
[LOG] SystemI::createSoundInternal             :     Stream 0/1: name='item', format=5, channels=2, frequency=48000, lengthbytes=458016, lengthpcm=2093184, pcmblocksize=0, loopstart=0, loopend=0, mode=0x00000000, channelmask=0x00000000, channelorder=0, peakvolume=0.733826.
[LOG] AsyncThread::threadFunc                  : Finished Asynchronous operation on sound 000002716E389C58
[LOG] AsyncThread::threadFunc                  : Starting Asynchronous operation on sound 000002716E38E848
[LOG] SystemI::createSoundInternal             :     Create name='FMOD/FMOD_WoL/Build/Desktop/VFX.bank', mode=0x02010082
[LOG] SystemI::createSoundInternal             :     exinfo->cbsize             = 224
[LOG] SystemI::createSoundInternal             :     exinfo->length             = 7386464
[LOG] SystemI::createSoundInternal             :     exinfo->fileoffset         = 108672
[LOG] SystemI::createSoundInternal             :     exinfo->numsubsounds       = 1
[LOG] SystemI::createSoundInternal             :     exinfo->inclusionlist      = 000002700E4B3A50
[LOG] SystemI::createSoundInternal             :     exinfo->inclusionlistnum   = 1
[LOG] SystemI::createSoundInternal             :     exinfo->suggestedsoundtype = 5
[LOG] SystemI::createSoundInternal             :     exinfo->initialseekposition = 25715
[LOG] SystemI::createSoundInternal             :     exinfo->initialseekpostype = 1
[LOG] SystemI::createSoundInternal             :     Stream 0/1: name='item', format=5, channels=2, frequency=48000, lengthbytes=458016, lengthpcm=2093184, pcmblocksize=0, loopstart=0, loopend=0, mode=0x00000000, channelmask=0x00000000, channelorder=0, peakvolume=0.733826.
[LOG] AsyncThread::threadFunc                  : Finished Asynchronous operation on sound 000002716E38E848
[LOG] AsyncThread::threadFunc                  : Starting Asynchronous operation on sound 000002716E38F418
[LOG] SystemI::createSoundInternal             :     Create name='FMOD/FMOD_WoL/Build/Desktop/VFX.bank', mode=0x02010082
[LOG] SystemI::createSoundInternal             :     exinfo->cbsize             = 224
[LOG] SystemI::createSoundInternal             :     exinfo->length             = 7386464
[LOG] SystemI::createSoundInternal             :     exinfo->fileoffset         = 108672
[LOG] SystemI::createSoundInternal             :     exinfo->numsubsounds       = 1
[LOG] SystemI::createSoundInternal             :     exinfo->inclusionlist      = 000002715C5E3560
[LOG] SystemI::createSoundInternal             :     exinfo->inclusionlistnum   = 1
[LOG] SystemI::createSoundInternal             :     exinfo->suggestedsoundtype = 5
[LOG] SystemI::createSoundInternal             :     exinfo->initialseekposition = 25715
[LOG] SystemI::createSoundInternal             :     exinfo->initialseekpostype = 1
[LOG] SystemI::createSoundInternal             :     Stream 0/1: name='item', format=5, channels=2, frequency=48000, lengthbytes=458016, lengthpcm=2093184, pcmblocksize=0, loopstart=0, loopend=0, mode=0x00000000, channelmask=0x00000000, channelorder=0, peakvolume=0.733826.
[LOG] AsyncThread::threadFunc                  : Finished Asynchronous operation on sound 000002716E38F418
[LOG] SoundI::release                          : item (000002700D37D378)
[LOG] SoundI::release                          :     item (0000027004CAD548)
[LOG] SoundI::release                          :     item (00000271B2A3F608)
[LOG] SoundI::release                          : item (000002700D37BF38)
[LOG] SoundI::release                          :     item (000002700842DBC8)
[LOG] SoundI::release                          :     item (00000271B2A40DA8)
[LOG] SoundI::release                          : item (000002700D37B878)
[LOG] SoundI::release                          :     item (000002700427A6B8)
[LOG] SoundI::release                          :     item (00000271B2A3D7A8)
[LOG] SoundI::release                          : item (000002700D37A948)
[LOG] SoundI::release                          :     item (000002700427A038)
[LOG] SoundI::release                          :     item (00000271B2A3D5F8)
[LOG] SoundI::release                          : item (000002700D379F28)
[LOG] SoundI::release                          :     item (000002700851C2E8)
[LOG] SoundI::release                          :     item (00000271B2A3EF48)
[LOG] SoundI::release                          : item (000002700D379868)
[LOG] SoundI::release                          :     item (000002700851C7C8)
[LOG] SoundI::release                          :     item (00000271B2A3F458)
[LOG] SoundI::release                          : item (000002700D378C98)
[LOG] SoundI::release                          :     item (0000026F7D1CB298)
[LOG] SoundI::release                          :     item (00000271B2A3D298)
[LOG] SoundI::release                          : item (000002700D3759F8)
[LOG] SoundI::release                          :     item (0000026F7D1CB0F8)
[LOG] SoundI::release                          :     item (00000271B2A3DE68)
[LOG] SoundI::release                          : item (000002700D378428)
[LOG] SoundI::release                          :     item (000002700A6CFA38)
[LOG] SoundI::release                          :     item (00000271B2A42F68)
[LOG] SoundI::release                          : item (000002700D375698)
[LOG] SoundI::release                          :     item (000002700A6D0258)
[LOG] SoundI::release                          :     item (00000271B2A3FE78)
[LOG] SoundI::release                          : item (000002700D375F08)
[LOG] SoundI::release                          :     item (000002700A6CFF18)
[LOG] SoundI::release                          :     item (00000271B2A42038)
[LOG] SoundI::release                          : item (000002700D376E38)
[LOG] SoundI::release                          :     item (0000027008C92888)
[LOG] SoundI::release                          :     item (00000271B2A3DCB8)
[LOG] SoundI::release                          : item (000002700D3791A8)
[LOG] SoundI::release                          :     item (0000027008C92548)
[LOG] SoundI::release                          :     item (00000271B2A432C8)
[LOG] SoundI::release                          : item (000002700D37B008)
[LOG] SoundI::release                          :     item (0000027008C923A8)
[LOG] SoundI::release                          :     item (00000271B2A3D0E8)
[LOG] SystemI::createSound                     : filename = FMOD/FMOD_WoL/Build/Desktop/VFX.bank : mode 02010082
[LOG] SystemI::createSound                     : FMOD_NONBLOCKING specified.  Putting into queue to be opened asynchronously!
[LOG] AsyncThread::add                         : add sound to async queue : soundi = 0000027004247B78, queue head = 000002700ED19558, queue count = 0
[LOG] AsyncThread::threadFunc                  : Starting Asynchronous operation on sound 0000027004247B78
[LOG] SystemI::createSound                     : filename = FMOD/FMOD_WoL/Build/Desktop/VFX.bank : mode 02010082
[LOG] SystemI::createSoundInternal             :     Create name='FMOD/FMOD_WoL/Build/Desktop/VFX.bank', mode=0x02010082
[LOG] SystemI::createSound                     :     FMOD_NONBLOCKING specified.  Putting into queue to be opened asynchronously!
[LOG] SystemI::createSoundInternal             :     exinfo->cbsize             = 224
[LOG] AsyncThread::add                         :     add sound to async queue : soundi = 0000027004244F98, queue head = 000002700ED19558, queue count = 0
[LOG] SystemI::createSoundInternal             :     exinfo->length             = 7386464
[LOG] SystemI::createSoundInternal             :     exinfo->fileoffset         = 108672
[LOG] SystemI::createSoundInternal             :     exinfo->numsubsounds       = 1
[LOG] SystemI::createSound                     :     filename = FMOD/FMOD_WoL/Build/Desktop/VFX.bank : mode 02010082
[LOG] SystemI::createSoundInternal             :     exinfo->inclusionlist      = 00000270042940A0
[LOG] SystemI::createSound                     :     FMOD_NONBLOCKING specified.  Putting into queue to be opened asynchronously!
[LOG] SystemI::createSoundInternal             :     exinfo->inclusionlistnum   = 1
[LOG] AsyncThread::add                         :     add sound to async queue : soundi = 0000027004247308, queue head = 000002700ED19558, queue count = 1
[LOG] SystemI::createSoundInternal             :     exinfo->suggestedsoundtype = 5
[LOG] SystemI::createSoundInternal             :     exinfo->initialseekpostype = 1
[LOG] SystemI::createSoundInternal             :     Stream 0/1: name='mechanical-sfx-018-314780', format=5, channels=2, frequency=48000, lengthbytes=131648, lengthpcm=507820, pcmblocksize=0, loopstart=0, loopend=0, mode=0x00000000, channelmask=0x00000000, channelorder=0, peakvolume=0.999512.
[LOG] AsyncThread::threadFunc                  : Finished Asynchronous operation on sound 0000027004247B78
[LOG] AsyncThread::threadFunc                  : Starting Asynchronous operation on sound 0000027004244F98
[LOG] SystemI::createSoundInternal             :     Create name='FMOD/FMOD_WoL/Build/Desktop/VFX.bank', mode=0x02010082
[LOG] SystemI::createSoundInternal             :     exinfo->cbsize             = 224
[LOG] SystemI::createSoundInternal             :     exinfo->length             = 7386464
[LOG] SystemI::createSoundInternal             :     exinfo->fileoffset         = 108672
[LOG] SystemI::createSoundInternal             :     exinfo->numsubsounds       = 1
[LOG] SystemI::createSoundInternal             :     exinfo->inclusionlist      = 00000270042936A0
[LOG] SystemI::createSoundInternal             :     exinfo->inclusionlistnum   = 1
[LOG] SystemI::createSoundInternal             :     exinfo->suggestedsoundtype = 5
[LOG] SystemI::createSoundInternal             :     exinfo->initialseekpostype = 1
[LOG] SystemI::createSoundInternal             :     Stream 0/1: name='mechanical-sfx-018-314780', format=5, channels=2, frequency=48000, lengthbytes=131648, lengthpcm=507820, pcmblocksize=0, loopstart=0, loopend=0, mode=0x00000000, channelmask=0x00000000, channelorder=0, peakvolume=0.999512.
[LOG] AsyncThread::threadFunc                  : Finished Asynchronous operation on sound 0000027004244F98
[LOG] AsyncThread::threadFunc                  : Starting Asynchronous operation on sound 0000027004247308
[LOG] SystemI::createSoundInternal             :     Create name='FMOD/FMOD_WoL/Build/Desktop/VFX.bank', mode=0x02010082
[LOG] SystemI::createSoundInternal             :     exinfo->cbsize             = 224
[LOG] SystemI::createSoundInternal             :     exinfo->length             = 7386464
[LOG] SystemI::createSoundInternal             :     exinfo->fileoffset         = 108672
[LOG] SystemI::createSoundInternal             :     exinfo->numsubsounds       = 1
[LOG] SystemI::createSoundInternal             :     exinfo->inclusionlist      = 0000027004294320
[LOG] SystemI::createSoundInternal             :     exinfo->inclusionlistnum   = 1
[LOG] SystemI::createSoundInternal             :     exinfo->suggestedsoundtype = 5
[LOG] SystemI::createSoundInternal             :     exinfo->initialseekpostype = 1
[LOG] SystemI::createSoundInternal             :     Stream 0/1: name='mechanical-sfx-018-314780', format=5, channels=2, frequency=48000, lengthbytes=131648, lengthpcm=507820, pcmblocksize=0, loopstart=0, loopend=0, mode=0x00000000, channelmask=0x00000000, channelorder=0, peakvolume=0.999512.
[LOG] AsyncThread::threadFunc                  : Finished Asynchronous operation on sound 0000027004247308
[LOG] SystemI::createSound                     : filename = FMOD/FMOD_WoL/Build/Desktop/VFX.bank : mode 02010082
[LOG] SystemI::createSound                     : FMOD_NONBLOCKING specified.  Putting into queue to be opened asynchronously!
[LOG] AsyncThread::add                         : add sound to async queue : soundi = 000002700D375848, queue head = 000002700ED19558, queue count = 0
[LOG] AsyncThread::threadFunc                  : Starting Asynchronous operation on sound 000002700D375848
[LOG] SystemI::createSoundInternal             :     Create name='FMOD/FMOD_WoL/Build/Desktop/VFX.bank', mode=0x02010082
[LOG] SystemI::createSound                     :     filename = FMOD/FMOD_WoL/Build/Desktop/VFX.bank : mode 02010082
[LOG] SystemI::createSoundInternal             :     exinfo->cbsize             = 224
[LOG] SystemI::createSound                     :     FMOD_NONBLOCKING specified.  Putting into queue to be opened asynchronously!
[LOG] SystemI::createSoundInternal             :     exinfo->length             = 7386464
[LOG] AsyncThread::add                         :     add sound to async queue : soundi = 000002700D378428, queue head = 000002700ED19558, queue count = 0
[LOG] SystemI::createSoundInternal             :     exinfo->fileoffset         = 108672
[LOG] SystemI::createSoundInternal             :     exinfo->numsubsounds       = 1
[LOG] SystemI::createSound                     :     filename = FMOD/FMOD_WoL/Build/Desktop/VFX.bank : mode 02010082
[LOG] SystemI::createSoundInternal             :     exinfo->inclusionlist      = 0000026D0766FA60
[LOG] SystemI::createSound                     :     FMOD_NONBLOCKING specified.  Putting into queue to be opened asynchronously!
[LOG] SystemI::createSoundInternal             :     exinfo->inclusionlistnum   = 1
[LOG] AsyncThread::add                         :     add sound to async queue : soundi = 000002700D378278, queue head = 000002700ED19558, queue count = 1
[LOG] SystemI::createSoundInternal             :     exinfo->suggestedsoundtype = 5
[LOG] SystemI::createSoundInternal             :     exinfo->initialseekpostype = 1
[LOG] SystemI::createSound                     :     filename = FMOD/FMOD_WoL/Build/Desktop/VFX.bank : mode 02010082
[LOG] SystemI::createSound                     :     FMOD_NONBLOCKING specified.  Putting into queue to be opened asynchronously!
[LOG] AsyncThread::add                         :     add sound to async queue : soundi = 000002700D37B6C8, queue head = 000002700ED19558, queue count = 2
[LOG] SystemI::createSound                     :     filename = FMOD/FMOD_WoL/Build/Desktop/VFX.bank : mode 02010082
[LOG] SystemI::createSound                     :     FMOD_NONBLOCKING specified.  Putting into queue to be opened asynchronously!
[LOG] AsyncThread::add                         :     add sound to async queue : soundi = 00000271B2A3F968, queue head = 000002700ED19558, queue count = 3
[LOG] SystemI::createSound                     :     filename = FMOD/FMOD_WoL/Build/Desktop/VFX.bank : mode 02010082
[LOG] SystemI::createSound                     :     FMOD_NONBLOCKING specified.  Putting into queue to be opened asynchronously!
[LOG] AsyncThread::add                         :     add sound to async queue : soundi = 00000271B2A42F68, queue head = 000002700ED19558, queue count = 4
[LOG] SystemI::createSound                     :     filename = FMOD/FMOD_WoL/Build/Desktop/VFX.bank : mode 02010082
[LOG] SystemI::createSound                     :     FMOD_NONBLOCKING specified.  Putting into queue to be opened asynchronously!
[LOG] AsyncThread::add                         :     add sound to async queue : soundi = 00000271B2A432C8, queue head = 000002700ED19558, queue count = 5
[LOG] SystemI::createSoundInternal             :     Stream 0/1: name='stream3', format=5, channels=2, frequency=48000, lengthbytes=133184, lengthpcm=489600, pcmblocksize=0, loopstart=0, loopend=0, mode=0x00000000, channelmask=0x00000000, channelorder=0, peakvolume=0.136536.
[LOG] AsyncThread::threadFunc                  : Finished Asynchronous operation on sound 000002700D375848
[LOG] AsyncThread::threadFunc                  : Starting Asynchronous operation on sound 000002700D378428
[LOG] SystemI::createSoundInternal             :     Create name='FMOD/FMOD_WoL/Build/Desktop/VFX.bank', mode=0x02010082
[LOG] SystemI::createSoundInternal             :     exinfo->cbsize             = 224
[LOG] SystemI::createSoundInternal             :     exinfo->length             = 7386464
[LOG] SystemI::createSoundInternal             :     exinfo->fileoffset         = 108672
[LOG] SystemI::createSoundInternal             :     exinfo->numsubsounds       = 1
[LOG] SystemI::createSoundInternal             :     exinfo->inclusionlist      = 0000026D0766F6A0
[LOG] SystemI::createSoundInternal             :     exinfo->inclusionlistnum   = 1
[LOG] SystemI::createSoundInternal             :     exinfo->suggestedsoundtype = 5
[LOG] SystemI::createSoundInternal             :     exinfo->initialseekpostype = 1
[LOG] SystemI::createSoundInternal             :     Stream 0/1: name='stream3', format=5, channels=2, frequency=48000, lengthbytes=133184, lengthpcm=489600, pcmblocksize=0, loopstart=0, loopend=0, mode=0x00000000, channelmask=0x00000000, channelorder=0, peakvolume=0.136536.
[LOG] AsyncThread::threadFunc                  : Finished Asynchronous operation on sound 000002700D378428
[LOG] AsyncThread::threadFunc                  : Starting Asynchronous operation on sound 000002700D378278
[LOG] SystemI::createSoundInternal             :     Create name='FMOD/FMOD_WoL/Build/Desktop/VFX.bank', mode=0x02010082
[LOG] SystemI::createSoundInternal             :     exinfo->cbsize             = 224
[LOG] SystemI::createSoundInternal             :     exinfo->length             = 7386464
[LOG] SystemI::createSoundInternal             :     exinfo->fileoffset         = 108672
[LOG] SystemI::createSoundInternal             :     exinfo->numsubsounds       = 1
[LOG] SystemI::createSoundInternal             :     exinfo->inclusionlist      = 0000026D0766FCE0
[LOG] SystemI::createSoundInternal             :     exinfo->inclusionlistnum   = 1
[LOG] SystemI::createSoundInternal             :     exinfo->suggestedsoundtype = 5
[LOG] SystemI::createSoundInternal             :     exinfo->initialseekpostype = 1
[LOG] SystemI::createSoundInternal             :     Stream 0/1: name='stream3', format=5, channels=2, frequency=48000, lengthbytes=133184, lengthpcm=489600, pcmblocksize=0, loopstart=0, loopend=0, mode=0x00000000, channelmask=0x00000000, channelorder=0, peakvolume=0.136536.
[LOG] AsyncThread::threadFunc                  : Finished Asynchronous operation on sound 000002700D378278
[LOG] AsyncThread::threadFunc                  : Starting Asynchronous operation on sound 000002700D37B6C8
[LOG] SystemI::createSoundInternal             :     Create name='FMOD/FMOD_WoL/Build/Desktop/VFX.bank', mode=0x02010082
[LOG] SystemI::createSoundInternal             :     exinfo->cbsize             = 224
[LOG] SystemI::createSoundInternal             :     exinfo->length             = 7386464
[LOG] SystemI::createSoundInternal             :     exinfo->fileoffset         = 108672
[LOG] SystemI::createSoundInternal             :     exinfo->numsubsounds       = 1
[LOG] SystemI::createSoundInternal             :     exinfo->inclusionlist      = 0000026D0766FF60
[LOG] SystemI::createSoundInternal             :     exinfo->inclusionlistnum   = 1
[LOG] SystemI::createSoundInternal             :     exinfo->suggestedsoundtype = 5
[LOG] SystemI::createSoundInternal             :     exinfo->initialseekpostype = 1
[LOG] SystemI::createSoundInternal             :     Stream 0/1: name='stream3', format=5, channels=2, frequency=48000, lengthbytes=133184, lengthpcm=489600, pcmblocksize=0, loopstart=0, loopend=0, mode=0x00000000, channelmask=0x00000000, channelorder=0, peakvolume=0.136536.
[LOG] AsyncThread::threadFunc                  : Finished Asynchronous operation on sound 000002700D37B6C8
[LOG] AsyncThread::threadFunc                  : Starting Asynchronous operation on sound 00000271B2A3F968
[LOG] SystemI::createSoundInternal             :     Create name='FMOD/FMOD_WoL/Build/Desktop/VFX.bank', mode=0x02010082
[LOG] SystemI::createSoundInternal             :     exinfo->cbsize             = 224
[LOG] SystemI::createSoundInternal             :     exinfo->length             = 7386464
[LOG] SystemI::createSoundInternal             :     exinfo->fileoffset         = 108672
[LOG] SystemI::createSoundInternal             :     exinfo->numsubsounds       = 1
[LOG] SystemI::createSoundInternal             :     exinfo->inclusionlist      = 00000270048E7190
[LOG] SystemI::createSoundInternal             :     exinfo->inclusionlistnum   = 1
[LOG] SystemI::createSoundInternal             :     exinfo->suggestedsoundtype = 5
[LOG] SystemI::createSoundInternal             :     exinfo->initialseekpostype = 1
[LOG] SystemI::createSoundInternal             :     Stream 0/1: name='stream3', format=5, channels=2, frequency=48000, lengthbytes=133184, lengthpcm=489600, pcmblocksize=0, loopstart=0, loopend=0, mode=0x00000000, channelmask=0x00000000, channelorder=0, peakvolume=0.136536.
[LOG] AsyncThread::threadFunc                  : Finished Asynchronous operation on sound 00000271B2A3F968
[LOG] AsyncThread::threadFunc                  : Starting Asynchronous operation on sound 00000271B2A42F68
[LOG] SystemI::createSoundInternal             :     Create name='FMOD/FMOD_WoL/Build/Desktop/VFX.bank', mode=0x02010082
[LOG] SystemI::createSoundInternal             :     exinfo->cbsize             = 224
[LOG] SystemI::createSoundInternal             :     exinfo->length             = 7386464
[LOG] SystemI::createSoundInternal             :     exinfo->fileoffset         = 108672
[LOG] SystemI::createSoundInternal             :     exinfo->numsubsounds       = 1
[LOG] SystemI::createSoundInternal             :     exinfo->inclusionlist      = 00000270048E7690
[LOG] SystemI::createSoundInternal             :     exinfo->inclusionlistnum   = 1
[LOG] SystemI::createSoundInternal             :     exinfo->suggestedsoundtype = 5
[LOG] SystemI::createSoundInternal             :     exinfo->initialseekpostype = 1
[LOG] SystemI::createSoundInternal             :     Stream 0/1: name='stream3', format=5, channels=2, frequency=48000, lengthbytes=133184, lengthpcm=489600, pcmblocksize=0, loopstart=0, loopend=0, mode=0x00000000, channelmask=0x00000000, channelorder=0, peakvolume=0.136536.
[LOG] AsyncThread::threadFunc                  : Finished Asynchronous operation on sound 00000271B2A42F68
[LOG] AsyncThread::threadFunc                  : Starting Asynchronous operation on sound 00000271B2A432C8
[LOG] SystemI::createSoundInternal             :     Create name='FMOD/FMOD_WoL/Build/Desktop/VFX.bank', mode=0x02010082
[LOG] SystemI::createSoundInternal             :     exinfo->cbsize             = 224
[LOG] SystemI::createSoundInternal             :     exinfo->length             = 7386464
[LOG] SystemI::createSoundInternal             :     exinfo->fileoffset         = 108672
[LOG] SystemI::createSoundInternal             :     exinfo->numsubsounds       = 1
[LOG] SystemI::createSoundInternal             :     exinfo->inclusionlist      = 00000270048E72D0
[LOG] SystemI::createSoundInternal             :     exinfo->inclusionlistnum   = 1
[LOG] SystemI::createSoundInternal             :     exinfo->suggestedsoundtype = 5
[LOG] SystemI::createSoundInternal             :     exinfo->initialseekpostype = 1
[LOG] SystemI::createSoundInternal             :     Stream 0/1: name='stream3', format=5, channels=2, frequency=48000, lengthbytes=133184, lengthpcm=489600, pcmblocksize=0, loopstart=0, loopend=0, mode=0x00000000, channelmask=0x00000000, channelorder=0, peakvolume=0.136536.
[LOG] AsyncThread::threadFunc                  : Finished Asynchronous operation on sound 00000271B2A432C8
[LOG] SoundI::release                          : mechanical-sfx-018-314780 (000002715C56DBD8)
[LOG] SoundI::release                          :     mechanical-sfx-018-314780 (0000027013AA9E48)
[LOG] SoundI::release                          :     mechanical-sfx-018-314780 (000002700D378FF8)
[LOG] SoundI::release                          : mechanical-sfx-018-314780 (000002715C568928)
[LOG] SoundI::release                          :     mechanical-sfx-018-314780 (0000027013AA9B08)
[LOG] SoundI::release                          :     mechanical-sfx-018-314780 (000002700D375BA8)
[LOG] SoundI::release                          : mechanical-sfx-018-314780 (000002715C56D368)
[LOG] SoundI::release                          :     mechanical-sfx-018-314780 (0000027013AA8C68)
[LOG] SoundI::release                          :     mechanical-sfx-018-314780 (000002700D378788)
[LOG] SoundI::release                          : stream3 (0000027004244C38)
[LOG] SoundI::release                          :     stream3 (0000027014D5FDA8)
[LOG] SoundI::release                          :     stream3 (00000271B2A42A58)
[LOG] SoundI::release                          : stream3 (0000027004244578)
[LOG] SoundI::release                          :     stream3 (0000027014D5EBC8)
[LOG] SoundI::release                          :     stream3 (00000271B2A437D8)
[LOG] SoundI::release                          : stream3 (00000270042452F8)
[LOG] SoundI::release                          :     stream3 (0000027014D5F728)
[LOG] SoundI::release                          :     stream3 (00000271B2A3F2A8)
[LOG] SoundI::release                          : stream3 (00000270042443C8)
[LOG] SoundI::release                          :     stream3 (0000027014D5EF08)
[LOG] SoundI::release                          :     stream3 (00000271B2A3F0F8)
[LOG] SoundI::release                          : stream3 (000002715C56A788)
[LOG] SoundI::release                          :     stream3 (0000027014D5F8C8)
[LOG] SoundI::release                          :     stream3 (00000271B2A426F8)
[LOG] SoundI::release                          : stream3 (000002715C569D68)
[LOG] SoundI::release                          :     stream3 (0000027014D5EA28)
[LOG] SoundI::release                          :     stream3 (00000271B2A40F58)
[LOG] SoundI::release                          : stream3 (000002715C568C88)
[LOG] SoundI::release                          :     stream3 (0000027014D5E548)
[LOG] SoundI::release                          :     stream3 (00000271B2A401D8)
[LOG] SystemI::createSound                     : filename = FMOD/FMOD_WoL/Build/Desktop/VFX.bank : mode 02010082
[LOG] SystemI::createSound                     : FMOD_NONBLOCKING specified.  Putting into queue to be opened asynchronously!
[LOG] AsyncThread::add                         : add sound to async queue : soundi = 00000271628F6A48, queue head = 000002700ED19558, queue count = 0
[LOG] AsyncThread::threadFunc                  : Starting Asynchronous operation on sound 00000271628F6A48
[LOG] SystemI::createSound                     : filename = FMOD/FMOD_WoL/Build/Desktop/VFX.bank : mode 02010082
[LOG] SystemI::createSoundInternal             :     Create name='FMOD/FMOD_WoL/Build/Desktop/VFX.bank', mode=0x02010082
[LOG] SystemI::createSound                     :     FMOD_NONBLOCKING specified.  Putting into queue to be opened asynchronously!
[LOG] SystemI::createSoundInternal             :     exinfo->cbsize             = 224
[LOG] AsyncThread::add                         :     add sound to async queue : soundi = 00000271628F50F8, queue head = 000002700ED19558, queue count = 0
[LOG] SystemI::createSoundInternal             :     exinfo->length             = 7386464
[LOG] SystemI::createSoundInternal             :     exinfo->fileoffset         = 108672
[LOG] SystemI::createSoundInternal             :     exinfo->numsubsounds       = 1
[LOG] SystemI::createSound                     :     filename = FMOD/FMOD_WoL/Build/Desktop/VFX.bank : mode 02010082
[LOG] SystemI::createSoundInternal             :     exinfo->inclusionlist      = 0000026F35987AF0
[LOG] SystemI::createSound                     :     FMOD_NONBLOCKING specified.  Putting into queue to be opened asynchronously!
[LOG] SystemI::createSoundInternal             :     exinfo->inclusionlistnum   = 1
[LOG] AsyncThread::add                         :     add sound to async queue : soundi = 00000271628F5608, queue head = 000002700ED19558, queue count = 1
[LOG] SystemI::createSoundInternal             :     exinfo->suggestedsoundtype = 5
[LOG] SystemI::createSoundInternal             :     exinfo->initialseekposition = 25715
[LOG] SystemI::createSoundInternal             :     exinfo->initialseekpostype = 1
[LOG] SystemI::createSound                     :     filename = FMOD/FMOD_WoL/Build/Desktop/VFX.bank : mode 02010082
[LOG] SystemI::createSound                     :     FMOD_NONBLOCKING specified.  Putting into queue to be opened asynchronously!
[LOG] AsyncThread::add                         :     add sound to async queue : soundi = 00000271628F77C8, queue head = 000002700ED19558, queue count = 2
[LOG] SystemI::createSound                     :     filename = FMOD/FMOD_WoL/Build/Desktop/VFX.bank : mode 02010082
[LOG] SystemI::createSound                     :     FMOD_NONBLOCKING specified.  Putting into queue to be opened asynchronously!
[LOG] AsyncThread::add                         :     add sound to async queue : soundi = 00000271628F7978, queue head = 000002700ED19558, queue count = 3
[LOG] SystemI::createSound                     :     filename = FMOD/FMOD_WoL/Build/Desktop/VFX.bank : mode 02010082
[LOG] SystemI::createSound                     :     FMOD_NONBLOCKING specified.  Putting into queue to be opened asynchronously!
[LOG] AsyncThread::add                         :     add sound to async queue : soundi = 00000271628F57B8, queue head = 000002700ED19558, queue count = 4
[LOG] SystemI::createSound                     :     filename = FMOD/FMOD_WoL/Build/Desktop/VFX.bank : mode 02010082
[LOG] SystemI::createSound                     :     FMOD_NONBLOCKING specified.  Putting into queue to be opened asynchronously!
[LOG] AsyncThread::add                         :     add sound to async queue : soundi = 00000271628F92C8, queue head = 000002700ED19558, queue count = 5
[LOG] SystemI::createSound                     :     filename = FMOD/FMOD_WoL/Build/Desktop/VFX.bank : mode 02010082
[LOG] SystemI::createSound                     :     FMOD_NONBLOCKING specified.  Putting into queue to be opened asynchronously!
[LOG] AsyncThread::add                         :     add sound to async queue : soundi = 00000271628F4A38, queue head = 000002700ED19558, queue count = 6
[LOG] SystemI::createSound                     :     filename = FMOD/FMOD_WoL/Build/Desktop/VFX.bank : mode 02010082
[LOG] SystemI::createSoundInternal             :     Stream 0/1: name='item', format=5, channels=2, frequency=48000, lengthbytes=458016, lengthpcm=2093184, pcmblocksize=0, loopstart=0, loopend=0, mode=0x00000000, channelmask=0x00000000, channelorder=0, peakvolume=0.733826.
[LOG] SystemI::createSound                     :     FMOD_NONBLOCKING specified.  Putting into queue to be opened asynchronously!
[LOG] AsyncThread::add                         :     add sound to async queue : soundi = 00000271628DBDA8, queue head = 000002700ED19558, queue count = 7
[LOG] SystemI::createSound                     :     filename = FMOD/FMOD_WoL/Build/Desktop/VFX.bank : mode 02010082
[LOG] SystemI::createSound                     :     FMOD_NONBLOCKING specified.  Putting into queue to be opened asynchronously!
[LOG] AsyncThread::add                         :     add sound to async queue : soundi = 00000271628DF558, queue head = 000002700ED19558, queue count = 8
[LOG] SystemI::createSound                     :     filename = FMOD/FMOD_WoL/Build/Desktop/VFX.bank : mode 02010082
[LOG] SystemI::createSound                     :     FMOD_NONBLOCKING specified.  Putting into queue to be opened asynchronously!
[LOG] AsyncThread::add                         :     add sound to async queue : soundi = 00000271628DB388, queue head = 000002700ED19558, queue count = 9
[LOG] SystemI::createSound                     :     filename = FMOD/FMOD_WoL/Build/Desktop/VFX.bank : mode 02010082
[LOG] SystemI::createSound                     :     FMOD_NONBLOCKING specified.  Putting into queue to be opened asynchronously!
[LOG] AsyncThread::add                         :     add sound to async queue : soundi = 00000271628DDF68, queue head = 000002700ED19558, queue count = 10
[LOG] SystemI::createSound                     :     filename = FMOD/FMOD_WoL/Build/Desktop/VFX.bank : mode 02010082
[LOG] SystemI::createSound                     :     FMOD_NONBLOCKING specified.  Putting into queue to be opened asynchronously!
[LOG] AsyncThread::add                         :     add sound to async queue : soundi = 00000271628DB6E8, queue head = 000002700ED19558, queue count = 11
[LOG] SystemI::createSound                     :     filename = FMOD/FMOD_WoL/Build/Desktop/VFX.bank : mode 02010082
[LOG] SystemI::createSound                     :     FMOD_NONBLOCKING specified.  Putting into queue to be opened asynchronously!
[LOG] AsyncThread::add                         :     add sound to async queue : soundi = 00000271628DE628, queue head = 000002700ED19558, queue count = 12
[LOG] AsyncThread::threadFunc                  : Finished Asynchronous operation on sound 00000271628F6A48
[LOG] AsyncThread::threadFunc                  : Starting Asynchronous operation on sound 00000271628F50F8
[LOG] SystemI::createSoundInternal             :     Create name='FMOD/FMOD_WoL/Build/Desktop/VFX.bank', mode=0x02010082
[LOG] SystemI::createSoundInternal             :     exinfo->cbsize             = 224
[LOG] SystemI::createSoundInternal             :     exinfo->length             = 7386464
[LOG] SystemI::createSoundInternal             :     exinfo->fileoffset         = 108672
[LOG] SystemI::createSoundInternal             :     exinfo->numsubsounds       = 1
[LOG] SystemI::createSoundInternal             :     exinfo->inclusionlist      = 0000026F35987C30
[LOG] SystemI::createSoundInternal             :     exinfo->inclusionlistnum   = 1
[LOG] SystemI::createSoundInternal             :     exinfo->suggestedsoundtype = 5
[LOG] SystemI::createSoundInternal             :     exinfo->initialseekposition = 25715
[LOG] SystemI::createSoundInternal             :     exinfo->initialseekpostype = 1
[LOG] SystemI::createSoundInternal             :     Stream 0/1: name='item', format=5, channels=2, frequency=48000, lengthbytes=458016, lengthpcm=2093184, pcmblocksize=0, loopstart=0, loopend=0, mode=0x00000000, channelmask=0x00000000, channelorder=0, peakvolume=0.733826.
[LOG] AsyncThread::threadFunc                  : Finished Asynchronous operation on sound 00000271628F50F8
[LOG] AsyncThread::threadFunc                  : Starting Asynchronous operation on sound 00000271628F5608
[LOG] SystemI::createSoundInternal             :     Create name='FMOD/FMOD_WoL/Build/Desktop/VFX.bank', mode=0x02010082
[LOG] SystemI::createSoundInternal             :     exinfo->cbsize             = 224
[LOG] SystemI::createSoundInternal             :     exinfo->length             = 7386464
[LOG] SystemI::createSoundInternal             :     exinfo->fileoffset         = 108672
[LOG] SystemI::createSoundInternal             :     exinfo->numsubsounds       = 1
[LOG] SystemI::createSoundInternal             :     exinfo->inclusionlist      = 0000026F35987870
[LOG] SystemI::createSoundInternal             :     exinfo->inclusionlistnum   = 1
[LOG] SystemI::createSoundInternal             :     exinfo->suggestedsoundtype = 5
[LOG] SystemI::createSoundInternal             :     exinfo->initialseekposition = 25715
[LOG] SystemI::createSoundInternal             :     exinfo->initialseekpostype = 1
[LOG] SystemI::createSoundInternal             :     Stream 0/1: name='item', format=5, channels=2, frequency=48000, lengthbytes=458016, lengthpcm=2093184, pcmblocksize=0, loopstart=0, loopend=0, mode=0x00000000, channelmask=0x00000000, channelorder=0, peakvolume=0.733826.
[LOG] AsyncThread::threadFunc                  : Finished Asynchronous operation on sound 00000271628F5608
[LOG] AsyncThread::threadFunc                  : Starting Asynchronous operation on sound 00000271628F77C8
[LOG] SystemI::createSoundInternal             :     Create name='FMOD/FMOD_WoL/Build/Desktop/VFX.bank', mode=0x02010082
[LOG] SystemI::createSoundInternal             :     exinfo->cbsize             = 224
[LOG] SystemI::createSoundInternal             :     exinfo->length             = 7386464
[LOG] SystemI::createSoundInternal             :     exinfo->fileoffset         = 108672
[LOG] SystemI::createSoundInternal             :     exinfo->numsubsounds       = 1
[LOG] SystemI::createSoundInternal             :     exinfo->inclusionlist      = 0000026F35987370
[LOG] SystemI::createSoundInternal             :     exinfo->inclusionlistnum   = 1
[LOG] SystemI::createSoundInternal             :     exinfo->suggestedsoundtype = 5
[LOG] SystemI::createSoundInternal             :     exinfo->initialseekposition = 25715
[LOG] SystemI::createSoundInternal             :     exinfo->initialseekpostype = 1
[LOG] SystemI::createSoundInternal             :     Stream 0/1: name='item', format=5, channels=2, frequency=48000, lengthbytes=458016, lengthpcm=2093184, pcmblocksize=0, loopstart=0, loopend=0, mode=0x00000000, channelmask=0x00000000, channelorder=0, peakvolume=0.733826.
[LOG] AsyncThread::threadFunc                  : Finished Asynchronous operation on sound 00000271628F77C8
[LOG] AsyncThread::threadFunc                  : Starting Asynchronous operation on sound 00000271628F7978
[LOG] SystemI::createSoundInternal             :     Create name='FMOD/FMOD_WoL/Build/Desktop/VFX.bank', mode=0x02010082
[LOG] SystemI::createSoundInternal             :     exinfo->cbsize             = 224
[LOG] SystemI::createSoundInternal             :     exinfo->length             = 7386464
[LOG] SystemI::createSoundInternal             :     exinfo->fileoffset         = 108672
[LOG] SystemI::createSoundInternal             :     exinfo->numsubsounds       = 1
[LOG] SystemI::createSoundInternal             :     exinfo->inclusionlist      = 0000026F359879B0
[LOG] SystemI::createSoundInternal             :     exinfo->inclusionlistnum   = 1
[LOG] SystemI::createSoundInternal             :     exinfo->suggestedsoundtype = 5
[LOG] SystemI::createSoundInternal             :     exinfo->initialseekposition = 25715
[LOG] SystemI::createSoundInternal             :     exinfo->initialseekpostype = 1
[LOG] SystemI::createSoundInternal             :     Stream 0/1: name='item', format=5, channels=2, frequency=48000, lengthbytes=458016, lengthpcm=2093184, pcmblocksize=0, loopstart=0, loopend=0, mode=0x00000000, channelmask=0x00000000, channelorder=0, peakvolume=0.733826.
[LOG] AsyncThread::threadFunc                  : Finished Asynchronous operation on sound 00000271628F7978
[LOG] AsyncThread::threadFunc                  : Starting Asynchronous operation on sound 00000271628F57B8
[LOG] SystemI::createSoundInternal             :     Create name='FMOD/FMOD_WoL/Build/Desktop/VFX.bank', mode=0x02010082
[LOG] SystemI::createSoundInternal             :     exinfo->cbsize             = 224
[LOG] SystemI::createSoundInternal             :     exinfo->length             = 7386464
[LOG] SystemI::createSoundInternal             :     exinfo->fileoffset         = 108672
[LOG] SystemI::createSoundInternal             :     exinfo->numsubsounds       = 1
[LOG] SystemI::createSoundInternal             :     exinfo->inclusionlist      = 0000026F35987D70
[LOG] SystemI::createSoundInternal             :     exinfo->inclusionlistnum   = 1
[LOG] SystemI::createSoundInternal             :     exinfo->suggestedsoundtype = 5
[LOG] SystemI::createSoundInternal             :     exinfo->initialseekposition = 25715
[LOG] SystemI::createSoundInternal             :     exinfo->initialseekpostype = 1
[LOG] SystemI::createSoundInternal             :     Stream 0/1: name='item', format=5, channels=2, frequency=48000, lengthbytes=458016, lengthpcm=2093184, pcmblocksize=0, loopstart=0, loopend=0, mode=0x00000000, channelmask=0x00000000, channelorder=0, peakvolume=0.733826.
[LOG] AsyncThread::threadFunc                  : Finished Asynchronous operation on sound 00000271628F57B8
[LOG] AsyncThread::threadFunc                  : Starting Asynchronous operation on sound 00000271628F92C8
[LOG] SystemI::createSoundInternal             :     Create name='FMOD/FMOD_WoL/Build/Desktop/VFX.bank', mode=0x02010082
[LOG] SystemI::createSoundInternal             :     exinfo->cbsize             = 224
[LOG] SystemI::createSoundInternal             :     exinfo->length             = 7386464
[LOG] SystemI::createSoundInternal             :     exinfo->fileoffset         = 108672
[LOG] SystemI::createSoundInternal             :     exinfo->numsubsounds       = 1
[LOG] SystemI::createSoundInternal             :     exinfo->inclusionlist      = 0000026F35987EB0
[LOG] SystemI::createSoundInternal             :     exinfo->inclusionlistnum   = 1
[LOG] SystemI::createSoundInternal             :     exinfo->suggestedsoundtype = 5
[LOG] SystemI::createSoundInternal             :     exinfo->initialseekposition = 25715
[LOG] SystemI::createSoundInternal             :     exinfo->initialseekpostype = 1
[LOG] SystemI::createSoundInternal             :     Stream 0/1: name='item', format=5, channels=2, frequency=48000, lengthbytes=458016, lengthpcm=2093184, pcmblocksize=0, loopstart=0, loopend=0, mode=0x00000000, channelmask=0x00000000, channelorder=0, peakvolume=0.733826.
[LOG] AsyncThread::threadFunc                  : Finished Asynchronous operation on sound 00000271628F92C8
[LOG] AsyncThread::threadFunc                  : Starting Asynchronous operation on sound 00000271628F4A38
[LOG] SystemI::createSoundInternal             :     Create name='FMOD/FMOD_WoL/Build/Desktop/VFX.bank', mode=0x02010082
[LOG] SystemI::createSoundInternal             :     exinfo->cbsize             = 224
[LOG] SystemI::createSoundInternal             :     exinfo->length             = 7386464
[LOG] SystemI::createSoundInternal             :     exinfo->fileoffset         = 108672
[LOG] SystemI::createSoundInternal             :     exinfo->numsubsounds       = 1
[LOG] SystemI::createSoundInternal             :     exinfo->inclusionlist      = 0000026F35987FF0
[LOG] SystemI::createSoundInternal             :     exinfo->inclusionlistnum   = 1
[LOG] SystemI::createSoundInternal             :     exinfo->suggestedsoundtype = 5
[LOG] SystemI::createSoundInternal             :     exinfo->initialseekposition = 25715
[LOG] SystemI::createSoundInternal             :     exinfo->initialseekpostype = 1
[LOG] SystemI::createSoundInternal             :     Stream 0/1: name='item', format=5, channels=2, frequency=48000, lengthbytes=458016, lengthpcm=2093184, pcmblocksize=0, loopstart=0, loopend=0, mode=0x00000000, channelmask=0x00000000, channelorder=0, peakvolume=0.733826.
[LOG] AsyncThread::threadFunc                  : Finished Asynchronous operation on sound 00000271628F4A38
[LOG] AsyncThread::threadFunc                  : Starting Asynchronous operation on sound 00000271628DBDA8
[LOG] SystemI::createSoundInternal             :     Create name='FMOD/FMOD_WoL/Build/Desktop/VFX.bank', mode=0x02010082
[LOG] SystemI::createSoundInternal             :     exinfo->cbsize             = 224
[LOG] SystemI::createSoundInternal             :     exinfo->length             = 7386464
[LOG] SystemI::createSoundInternal             :     exinfo->fileoffset         = 108672
[LOG] SystemI::createSoundInternal             :     exinfo->numsubsounds       = 1
[LOG] SystemI::createSoundInternal             :     exinfo->inclusionlist      = 0000026F359875F0
[LOG] SystemI::createSoundInternal             :     exinfo->inclusionlistnum   = 1
[LOG] SystemI::createSoundInternal             :     exinfo->suggestedsoundtype = 5
[LOG] SystemI::createSoundInternal             :     exinfo->initialseekposition = 25715
[LOG] SystemI::createSoundInternal             :     exinfo->initialseekpostype = 1
[LOG] SystemI::createSoundInternal             :     Stream 0/1: name='item', format=5, channels=2, frequency=48000, lengthbytes=458016, lengthpcm=2093184, pcmblocksize=0, loopstart=0, loopend=0, mode=0x00000000, channelmask=0x00000000, channelorder=0, peakvolume=0.733826.
[LOG] AsyncThread::threadFunc                  : Finished Asynchronous operation on sound 00000271628DBDA8
[LOG] AsyncThread::threadFunc                  : Starting Asynchronous operation on sound 00000271628DF558
[LOG] SystemI::createSoundInternal             :     Create name='FMOD/FMOD_WoL/Build/Desktop/VFX.bank', mode=0x02010082
[LOG] SystemI::createSoundInternal             :     exinfo->cbsize             = 224
[LOG] SystemI::createSoundInternal             :     exinfo->length             = 7386464
[LOG] SystemI::createSoundInternal             :     exinfo->fileoffset         = 108672
[LOG] SystemI::createSoundInternal             :     exinfo->numsubsounds       = 1
[LOG] SystemI::createSoundInternal             :     exinfo->inclusionlist      = 0000026F35987230
[LOG] SystemI::createSoundInternal             :     exinfo->inclusionlistnum   = 1
[LOG] SystemI::createSoundInternal             :     exinfo->suggestedsoundtype = 5
[LOG] SystemI::createSoundInternal             :     exinfo->initialseekposition = 25715
[LOG] SystemI::createSoundInternal             :     exinfo->initialseekpostype = 1
[LOG] SystemI::createSoundInternal             :     Stream 0/1: name='item', format=5, channels=2, frequency=48000, lengthbytes=458016, lengthpcm=2093184, pcmblocksize=0, loopstart=0, loopend=0, mode=0x00000000, channelmask=0x00000000, channelorder=0, peakvolume=0.733826.
[LOG] AsyncThread::threadFunc                  : Finished Asynchronous operation on sound 00000271628DF558
[LOG] AsyncThread::threadFunc                  : Starting Asynchronous operation on sound 00000271628DB388
[LOG] SystemI::createSoundInternal             :     Create name='FMOD/FMOD_WoL/Build/Desktop/VFX.bank', mode=0x02010082
[LOG] SystemI::createSoundInternal             :     exinfo->cbsize             = 224
[LOG] SystemI::createSoundInternal             :     exinfo->length             = 7386464
[LOG] SystemI::createSoundInternal             :     exinfo->fileoffset         = 108672
[LOG] SystemI::createSoundInternal             :     exinfo->numsubsounds       = 1
[LOG] SystemI::createSoundInternal             :     exinfo->inclusionlist      = 0000026F359874B0
[LOG] SystemI::createSoundInternal             :     exinfo->inclusionlistnum   = 1
[LOG] SystemI::createSoundInternal             :     exinfo->suggestedsoundtype = 5
[LOG] SystemI::createSoundInternal             :     exinfo->initialseekposition = 25715
[LOG] SystemI::createSoundInternal             :     exinfo->initialseekpostype = 1
[LOG] SystemI::createSoundInternal             :     Stream 0/1: name='item', format=5, channels=2, frequency=48000, lengthbytes=458016, lengthpcm=2093184, pcmblocksize=0, loopstart=0, loopend=0, mode=0x00000000, channelmask=0x00000000, channelorder=0, peakvolume=0.733826.
[LOG] AsyncThread::threadFunc                  : Finished Asynchronous operation on sound 00000271628DB388
[LOG] AsyncThread::threadFunc                  : Starting Asynchronous operation on sound 00000271628DDF68
[LOG] SystemI::createSoundInternal             :     Create name='FMOD/FMOD_WoL/Build/Desktop/VFX.bank', mode=0x02010082
[LOG] SystemI::createSoundInternal             :     exinfo->cbsize             = 224
[LOG] SystemI::createSoundInternal             :     exinfo->length             = 7386464
[LOG] SystemI::createSoundInternal             :     exinfo->fileoffset         = 108672
[LOG] SystemI::createSoundInternal             :     exinfo->numsubsounds       = 1
[LOG] SystemI::createSoundInternal             :     exinfo->inclusionlist      = 0000027007E08080
[LOG] SystemI::createSoundInternal             :     exinfo->inclusionlistnum   = 1
[LOG] SystemI::createSoundInternal             :     exinfo->suggestedsoundtype = 5
[LOG] SystemI::createSoundInternal             :     exinfo->initialseekposition = 25715
[LOG] SystemI::createSoundInternal             :     exinfo->initialseekpostype = 1
[LOG] SystemI::createSoundInternal             :     Stream 0/1: name='item', format=5, channels=2, frequency=48000, lengthbytes=458016, lengthpcm=2093184, pcmblocksize=0, loopstart=0, loopend=0, mode=0x00000000, channelmask=0x00000000, channelorder=0, peakvolume=0.733826.
[LOG] AsyncThread::threadFunc                  : Finished Asynchronous operation on sound 00000271628DDF68
[LOG] AsyncThread::threadFunc                  : Starting Asynchronous operation on sound 00000271628DB6E8
[LOG] SystemI::createSoundInternal             :     Create name='FMOD/FMOD_WoL/Build/Desktop/VFX.bank', mode=0x02010082
[LOG] SystemI::createSoundInternal             :     exinfo->cbsize             = 224
[LOG] SystemI::createSoundInternal             :     exinfo->length             = 7386464
[LOG] SystemI::createSoundInternal             :     exinfo->fileoffset         = 108672
[LOG] SystemI::createSoundInternal             :     exinfo->numsubsounds       = 1
[LOG] SystemI::createSoundInternal             :     exinfo->inclusionlist      = 0000027007E081C0
[LOG] SystemI::createSoundInternal             :     exinfo->inclusionlistnum   = 1
[LOG] SystemI::createSoundInternal             :     exinfo->suggestedsoundtype = 5
[LOG] SystemI::createSoundInternal             :     exinfo->initialseekposition = 25715
[LOG] SystemI::createSoundInternal             :     exinfo->initialseekpostype = 1
[LOG] SystemI::createSoundInternal             :     Stream 0/1: name='item', format=5, channels=2, frequency=48000, lengthbytes=458016, lengthpcm=2093184, pcmblocksize=0, loopstart=0, loopend=0, mode=0x00000000, channelmask=0x00000000, channelorder=0, peakvolume=0.733826.
[LOG] AsyncThread::threadFunc                  : Finished Asynchronous operation on sound 00000271628DB6E8
[LOG] AsyncThread::threadFunc                  : Starting Asynchronous operation on sound 00000271628DE628
[LOG] SystemI::createSoundInternal             :     Create name='FMOD/FMOD_WoL/Build/Desktop/VFX.bank', mode=0x02010082
[LOG] SystemI::createSoundInternal             :     exinfo->cbsize             = 224
[LOG] SystemI::createSoundInternal             :     exinfo->length             = 7386464
[LOG] SystemI::createSoundInternal             :     exinfo->fileoffset         = 108672
[LOG] SystemI::createSoundInternal             :     exinfo->numsubsounds       = 1
[LOG] SystemI::createSoundInternal             :     exinfo->inclusionlist      = 0000027007E08300
[LOG] SystemI::createSoundInternal             :     exinfo->inclusionlistnum   = 1
[LOG] SystemI::createSoundInternal             :     exinfo->suggestedsoundtype = 5
[LOG] SystemI::createSoundInternal             :     exinfo->initialseekposition = 25715
[LOG] SystemI::createSoundInternal             :     exinfo->initialseekpostype = 1
[LOG] SystemI::createSoundInternal             :     Stream 0/1: name='item', format=5, channels=2, frequency=48000, lengthbytes=458016, lengthpcm=2093184, pcmblocksize=0, loopstart=0, loopend=0, mode=0x00000000, channelmask=0x00000000, channelorder=0, peakvolume=0.733826.
[LOG] AsyncThread::threadFunc                  : Finished Asynchronous operation on sound 00000271628DE628
[LOG] SoundI::release                          : item (000002716E38F418)
[LOG] SoundI::release                          :     item (00000271D6658468)
[LOG] SoundI::release                          :     item (000002700D36EFA8)
[LOG] SoundI::release                          : item (000002716E38E848)
[LOG] SoundI::release                          :     item (00000271D66570E8)
[LOG] SoundI::release                          :     item (000002700D371828)
[LOG] SoundI::release                          : item (000002716E389C58)
[LOG] SoundI::release                          :     item (00000271D6658948)
[LOG] SoundI::release                          :     item (000002700D36EDF8)
[LOG] SoundI::release                          : item (000002716E38B758)
[LOG] SoundI::release                          :     item (00000271D6656C08)
[LOG] SoundI::release                          :     item (000002700D371D38)
[LOG] SoundI::release                          : item (000002716E3A4E08)
[LOG] SoundI::release                          :     item (00000271D66560A8)
[LOG] SoundI::release                          :     item (000002700D36E8E8)
[LOG] SoundI::release                          : item (000002716E3A6098)
[LOG] SoundI::release                          :     item (00000271D6656588)
[LOG] SoundI::release                          :     item (000002700D370C58)
[LOG] SoundI::release                          : item (000002716E3A5EE8)
[LOG] SoundI::release                          :     item (00000271D6657908)
[LOG] SoundI::release                          :     item (000002700D371678)
[LOG] SoundI::release                          : item (000002716E3A6908)
[LOG] SoundI::release                          :     item (00000271D6658608)
[LOG] SoundI::release                          :     item (000002700D37BA28)
[LOG] SoundI::release                          : item (000002716E3A48F8)
[LOG] SoundI::release                          :     item (00000271D66553A8)
[LOG] SoundI::release                          :     item (000002700D37D888)
[LOG] SoundI::release                          : item (000002716E3A5828)
[LOG] SoundI::release                          :     item (00000271D6655D68)
[LOG] SoundI::release                          :     item (000002700D37CB08)
[LOG] SoundI::release                          : item (000002716E3A7B98)
[LOG] SoundI::release                          :     item (00000271D6655BC8)
[LOG] SoundI::release                          :     item (000002700D375D58)
[LOG] SoundI::release                          : item (000002716E3A79E8)
[LOG] SoundI::release                          :     item (00000271D6656DA8)
[LOG] SoundI::release                          :     item (000002700D376C88)
[LOG] SoundI::release                          : item (000002716E3A80A8)
[LOG] SoundI::release                          :     item (00000271D6657DE8)
[LOG] SoundI::release                          :     item (000002700D375338)
[LOG] SoundI::release                          : item (000002716E3A65A8)
[LOG] SoundI::release                          :     item (0000027013AA9CA8)
[LOG] SoundI::release                          :     item (000002700D3760B8)
[LOG] SystemI::createSound                     : filename = FMOD/FMOD_WoL/Build/Desktop/VFX.bank : mode 02010082
[LOG] SystemI::createSound                     : FMOD_NONBLOCKING specified.  Putting into queue to be opened asynchronously!
[LOG] AsyncThread::add                         : add sound to async queue : soundi = 000002716E3A6FC8, queue head = 000002700ED19558, queue count = 0
[LOG] AsyncThread::threadFunc                  : Starting Asynchronous operation on sound 000002716E3A6FC8
[LOG] SystemI::createSoundInternal             :     Create name='FMOD/FMOD_WoL/Build/Desktop/VFX.bank', mode=0x02010082
[LOG] SystemI::createSound                     : filename = FMOD/FMOD_WoL/Build/Desktop/VFX.bank : mode 02010082
[LOG] SystemI::createSoundInternal             :     exinfo->cbsize             = 224
[LOG] SystemI::createSound                     :     FMOD_NONBLOCKING specified.  Putting into queue to be opened asynchronously!
[LOG] SystemI::createSoundInternal             :     exinfo->length             = 7386464
[LOG] AsyncThread::add                         :     add sound to async queue : soundi = 000002716E3A65A8, queue head = 000002700ED19558, queue count = 0
[LOG] SystemI::createSoundInternal             :     exinfo->fileoffset         = 108672
[LOG] SystemI::createSoundInternal             :     exinfo->numsubsounds       = 1
[LOG] SystemI::createSoundInternal             :     exinfo->inclusionlist      = 0000026F7D35BF10
[LOG] SystemI::createSoundInternal             :     exinfo->inclusionlistnum   = 1
[LOG] SystemI::createSound                     :     filename = FMOD/FMOD_WoL/Build/Desktop/VFX.bank : mode 02010082
[LOG] SystemI::createSoundInternal             :     exinfo->suggestedsoundtype = 5
[LOG] SystemI::createSound                     :     FMOD_NONBLOCKING specified.  Putting into queue to be opened asynchronously!
[LOG] SystemI::createSoundInternal             :     exinfo->initialseekposition = 25715
[LOG] AsyncThread::add                         :     add sound to async queue : soundi = 000002716E3A4AA8, queue head = 000002700ED19558, queue count = 1
[LOG] SystemI::createSoundInternal             :     exinfo->initialseekpostype = 1
[LOG] SystemI::createSound                     :     filename = FMOD/FMOD_WoL/Build/Desktop/VFX.bank : mode 02010082
[LOG] SystemI::createSound                     :     FMOD_NONBLOCKING specified.  Putting into queue to be opened asynchronously!
[LOG] AsyncThread::add                         :     add sound to async queue : soundi = 000002716E3A6758, queue head = 000002700ED19558, queue count = 2
[LOG] SystemI::createSound                     :     filename = FMOD/FMOD_WoL/Build/Desktop/VFX.bank : mode 02010082
[LOG] SystemI::createSound                     :     FMOD_NONBLOCKING specified.  Putting into queue to be opened asynchronously!
[LOG] AsyncThread::add                         :     add sound to async queue : soundi = 000002716E3A5EE8, queue head = 000002700ED19558, queue count = 3
[LOG] SystemI::createSound                     :     filename = FMOD/FMOD_WoL/Build/Desktop/VFX.bank : mode 02010082
[LOG] SystemI::createSound                     :     FMOD_NONBLOCKING specified.  Putting into queue to be opened asynchronously!
[LOG] AsyncThread::add                         :     add sound to async queue : soundi = 000002716E3A6908, queue head = 000002700ED19558, queue count = 4
[LOG] SystemI::createSound                     :     filename = FMOD/FMOD_WoL/Build/Desktop/VFX.bank : mode 02010082
[LOG] SystemI::createSound                     :     FMOD_NONBLOCKING specified.  Putting into queue to be opened asynchronously!
[LOG] AsyncThread::add                         :     add sound to async queue : soundi = 000002716E3A7B98, queue head = 000002700ED19558, queue count = 5
[LOG] SystemI::createSound                     :     filename = FMOD/FMOD_WoL/Build/Desktop/VFX.bank : mode 02010082
[LOG] SystemI::createSound                     :     FMOD_NONBLOCKING specified.  Putting into queue to be opened asynchronously!
[LOG] AsyncThread::add                         :     add sound to async queue : soundi = 000002716E3A4E08, queue head = 000002700ED19558, queue count = 6
[LOG] SystemI::createSoundInternal             :     Stream 0/1: name='item', format=5, channels=2, frequency=48000, lengthbytes=458016, lengthpcm=2093184, pcmblocksize=0, loopstart=0, loopend=0, mode=0x00000000, channelmask=0x00000000, channelorder=0, peakvolume=0.733826.
[LOG] SystemI::createSound                     :     filename = FMOD/FMOD_WoL/Build/Desktop/VFX.bank : mode 02010082
[LOG] SystemI::createSound                     :     FMOD_NONBLOCKING specified.  Putting into queue to be opened asynchronously!
[LOG] AsyncThread::add                         :     add sound to async queue : soundi = 000002716E3A6098, queue head = 000002700ED19558, queue count = 7
[LOG] SystemI::createSound                     :     filename = FMOD/FMOD_WoL/Build/Desktop/VFX.bank : mode 02010082
[LOG] SystemI::createSound                     :     FMOD_NONBLOCKING specified.  Putting into queue to be opened asynchronously!
[LOG] AsyncThread::add                         :     add sound to async queue : soundi = 000002716E3A4FB8, queue head = 000002700ED19558, queue count = 8
[LOG] SystemI::createSound                     :     filename = FMOD/FMOD_WoL/Build/Desktop/VFX.bank : mode 02010082
[LOG] SystemI::createSound                     :     FMOD_NONBLOCKING specified.  Putting into queue to be opened asynchronously!
[LOG] AsyncThread::add                         :     add sound to async queue : soundi = 000002716E38D0A8, queue head = 000002700ED19558, queue count = 9
[LOG] SystemI::createSound                     :     filename = FMOD/FMOD_WoL/Build/Desktop/VFX.bank : mode 02010082
[LOG] SystemI::createSound                     :     FMOD_NONBLOCKING specified.  Putting into queue to be opened asynchronously!
[LOG] AsyncThread::add                         :     add sound to async queue : soundi = 000002716E38C4D8, queue head = 000002700ED19558, queue count = 10
[LOG] SystemI::createSound                     :     filename = FMOD/FMOD_WoL/Build/Desktop/VFX.bank : mode 02010082
[LOG] SystemI::createSound                     :     FMOD_NONBLOCKING specified.  Putting into queue to be opened asynchronously!
[LOG] AsyncThread::add                         :     add sound to async queue : soundi = 000002716E389C58, queue head = 000002700ED19558, queue count = 11
[LOG] SystemI::createSound                     :     filename = FMOD/FMOD_WoL/Build/Desktop/VFX.bank : mode 02010082
[LOG] SystemI::createSound                     :     FMOD_NONBLOCKING specified.  Putting into queue to be opened asynchronously!
[LOG] AsyncThread::add                         :     add sound to async queue : soundi = 000002716E38C688, queue head = 000002700ED19558, queue count = 12
[LOG] AsyncThread::threadFunc                  : Finished Asynchronous operation on sound 000002716E3A6FC8
[LOG] AsyncThread::threadFunc                  : Starting Asynchronous operation on sound 000002716E3A65A8
[LOG] SystemI::createSoundInternal             :     Create name='FMOD/FMOD_WoL/Build/Desktop/VFX.bank', mode=0x02010082
[LOG] SystemI::createSoundInternal             :     exinfo->cbsize             = 224
[LOG] SystemI::createSoundInternal             :     exinfo->length             = 7386464
[LOG] SystemI::createSoundInternal             :     exinfo->fileoffset         = 108672
[LOG] SystemI::createSoundInternal             :     exinfo->numsubsounds       = 1
[LOG] SystemI::createSoundInternal             :     exinfo->inclusionlist      = 0000026F7D35C2D0
[LOG] SystemI::createSoundInternal             :     exinfo->inclusionlistnum   = 1
[LOG] SystemI::createSoundInternal             :     exinfo->suggestedsoundtype = 5
[LOG] SystemI::createSoundInternal             :     exinfo->initialseekposition = 25715
[LOG] SystemI::createSoundInternal             :     exinfo->initialseekpostype = 1
[LOG] SystemI::createSoundInternal             :     Stream 0/1: name='item', format=5, channels=2, frequency=48000, lengthbytes=458016, lengthpcm=2093184, pcmblocksize=0, loopstart=0, loopend=0, mode=0x00000000, channelmask=0x00000000, channelorder=0, peakvolume=0.733826.
[LOG] AsyncThread::threadFunc                  : Finished Asynchronous operation on sound 000002716E3A65A8
[LOG] AsyncThread::threadFunc                  : Starting Asynchronous operation on sound 000002716E3A4AA8
[LOG] SystemI::createSoundInternal             :     Create name='FMOD/FMOD_WoL/Build/Desktop/VFX.bank', mode=0x02010082
[LOG] SystemI::createSoundInternal             :     exinfo->cbsize             = 224
[LOG] SystemI::createSoundInternal             :     exinfo->length             = 7386464
[LOG] SystemI::createSoundInternal             :     exinfo->fileoffset         = 108672
[LOG] SystemI::createSoundInternal             :     exinfo->numsubsounds       = 1
[LOG] SystemI::createSoundInternal             :     exinfo->inclusionlist      = 0000026F7D35BA10
[LOG] SystemI::createSoundInternal             :     exinfo->inclusionlistnum   = 1
[LOG] SystemI::createSoundInternal             :     exinfo->suggestedsoundtype = 5
[LOG] SystemI::createSoundInternal             :     exinfo->initialseekposition = 25715
[LOG] SystemI::createSoundInternal             :     exinfo->initialseekpostype = 1
[LOG] SystemI::createSoundInternal             :     Stream 0/1: name='item', format=5, channels=2, frequency=48000, lengthbytes=458016, lengthpcm=2093184, pcmblocksize=0, loopstart=0, loopend=0, mode=0x00000000, channelmask=0x00000000, channelorder=0, peakvolume=0.733826.
[LOG] AsyncThread::threadFunc                  : Finished Asynchronous operation on sound 000002716E3A4AA8
[LOG] AsyncThread::threadFunc                  : Starting Asynchronous operation on sound 000002716E3A6758
[LOG] SystemI::createSoundInternal             :     Create name='FMOD/FMOD_WoL/Build/Desktop/VFX.bank', mode=0x02010082
[LOG] SystemI::createSoundInternal             :     exinfo->cbsize             = 224
[LOG] SystemI::createSoundInternal             :     exinfo->length             = 7386464
[LOG] SystemI::createSoundInternal             :     exinfo->fileoffset         = 108672
[LOG] SystemI::createSoundInternal             :     exinfo->numsubsounds       = 1
[LOG] SystemI::createSoundInternal             :     exinfo->inclusionlist      = 0000026F7D35C410
[LOG] SystemI::createSoundInternal             :     exinfo->inclusionlistnum   = 1
[LOG] SystemI::createSoundInternal             :     exinfo->suggestedsoundtype = 5
[LOG] SystemI::createSoundInternal             :     exinfo->initialseekposition = 25715
[LOG] SystemI::createSoundInternal             :     exinfo->initialseekpostype = 1
[LOG] SystemI::createSoundInternal             :     Stream 0/1: name='item', format=5, channels=2, frequency=48000, lengthbytes=458016, lengthpcm=2093184, pcmblocksize=0, loopstart=0, loopend=0, mode=0x00000000, channelmask=0x00000000, channelorder=0, peakvolume=0.733826.
[LOG] AsyncThread::threadFunc                  : Finished Asynchronous operation on sound 000002716E3A6758
[LOG] AsyncThread::threadFunc                  : Starting Asynchronous operation on sound 000002716E3A5EE8
[LOG] SystemI::createSoundInternal             :     Create name='FMOD/FMOD_WoL/Build/Desktop/VFX.bank', mode=0x02010082
[LOG] SystemI::createSoundInternal             :     exinfo->cbsize             = 224
[LOG] SystemI::createSoundInternal             :     exinfo->length             = 7386464
[LOG] SystemI::createSoundInternal             :     exinfo->fileoffset         = 108672
[LOG] SystemI::createSoundInternal             :     exinfo->numsubsounds       = 1
[LOG] SystemI::createSoundInternal             :     exinfo->inclusionlist      = 0000026F7D35B650
[LOG] SystemI::createSoundInternal             :     exinfo->inclusionlistnum   = 1
[LOG] SystemI::createSoundInternal             :     exinfo->suggestedsoundtype = 5
[LOG] SystemI::createSoundInternal             :     exinfo->initialseekposition = 25715
[LOG] SystemI::createSoundInternal             :     exinfo->initialseekpostype = 1
[LOG] SystemI::createSoundInternal             :     Stream 0/1: name='item', format=5, channels=2, frequency=48000, lengthbytes=458016, lengthpcm=2093184, pcmblocksize=0, loopstart=0, loopend=0, mode=0x00000000, channelmask=0x00000000, channelorder=0, peakvolume=0.733826.
[LOG] AsyncThread::threadFunc                  : Finished Asynchronous operation on sound 000002716E3A5EE8
[LOG] AsyncThread::threadFunc                  : Starting Asynchronous operation on sound 000002716E3A6908
[LOG] SystemI::createSoundInternal             :     Create name='FMOD/FMOD_WoL/Build/Desktop/VFX.bank', mode=0x02010082
[LOG] SystemI::createSoundInternal             :     exinfo->cbsize             = 224
[LOG] SystemI::createSoundInternal             :     exinfo->length             = 7386464
[LOG] SystemI::createSoundInternal             :     exinfo->fileoffset         = 108672
[LOG] SystemI::createSoundInternal             :     exinfo->numsubsounds       = 1
[LOG] SystemI::createSoundInternal             :     exinfo->inclusionlist      = 0000026F7D35B790
[LOG] SystemI::createSoundInternal             :     exinfo->inclusionlistnum   = 1
[LOG] SystemI::createSoundInternal             :     exinfo->suggestedsoundtype = 5
[LOG] SystemI::createSoundInternal             :     exinfo->initialseekposition = 25715
[LOG] SystemI::createSoundInternal             :     exinfo->initialseekpostype = 1
[LOG] SystemI::createSoundInternal             :     Stream 0/1: name='item', format=5, channels=2, frequency=48000, lengthbytes=458016, lengthpcm=2093184, pcmblocksize=0, loopstart=0, loopend=0, mode=0x00000000, channelmask=0x00000000, channelorder=0, peakvolume=0.733826.
[LOG] AsyncThread::threadFunc                  : Finished Asynchronous operation on sound 000002716E3A6908
[LOG] AsyncThread::threadFunc                  : Starting Asynchronous operation on sound 000002716E3A7B98
[LOG] SystemI::createSoundInternal             :     Create name='FMOD/FMOD_WoL/Build/Desktop/VFX.bank', mode=0x02010082
[LOG] SystemI::createSoundInternal             :     exinfo->cbsize             = 224
[LOG] SystemI::createSoundInternal             :     exinfo->length             = 7386464
[LOG] SystemI::createSoundInternal             :     exinfo->fileoffset         = 108672
[LOG] SystemI::createSoundInternal             :     exinfo->numsubsounds       = 1
[LOG] SystemI::createSoundInternal             :     exinfo->inclusionlist      = 0000026F7D35B8D0
[LOG] SystemI::createSoundInternal             :     exinfo->inclusionlistnum   = 1
[LOG] SystemI::createSoundInternal             :     exinfo->suggestedsoundtype = 5
[LOG] SystemI::createSoundInternal             :     exinfo->initialseekposition = 25715
[LOG] SystemI::createSoundInternal             :     exinfo->initialseekpostype = 1
[LOG] SystemI::createSoundInternal             :     Stream 0/1: name='item', format=5, channels=2, frequency=48000, lengthbytes=458016, lengthpcm=2093184, pcmblocksize=0, loopstart=0, loopend=0, mode=0x00000000, channelmask=0x00000000, channelorder=0, peakvolume=0.733826.
[LOG] AsyncThread::threadFunc                  : Finished Asynchronous operation on sound 000002716E3A7B98
[LOG] AsyncThread::threadFunc                  : Starting Asynchronous operation on sound 000002716E3A4E08
[LOG] SystemI::createSoundInternal             :     Create name='FMOD/FMOD_WoL/Build/Desktop/VFX.bank', mode=0x02010082
[LOG] SystemI::createSoundInternal             :     exinfo->cbsize             = 224
[LOG] SystemI::createSoundInternal             :     exinfo->length             = 7386464
[LOG] SystemI::createSoundInternal             :     exinfo->fileoffset         = 108672
[LOG] SystemI::createSoundInternal             :     exinfo->numsubsounds       = 1
[LOG] SystemI::createSoundInternal             :     exinfo->inclusionlist      = 0000026D7F334C30
[LOG] SystemI::createSoundInternal             :     exinfo->inclusionlistnum   = 1
[LOG] SystemI::createSoundInternal             :     exinfo->suggestedsoundtype = 5
[LOG] SystemI::createSoundInternal             :     exinfo->initialseekposition = 25715
[LOG] SystemI::createSoundInternal             :     exinfo->initialseekpostype = 1
[LOG] SystemI::createSoundInternal             :     Stream 0/1: name='item', format=5, channels=2, frequency=48000, lengthbytes=458016, lengthpcm=2093184, pcmblocksize=0, loopstart=0, loopend=0, mode=0x00000000, channelmask=0x00000000, channelorder=0, peakvolume=0.733826.
[LOG] AsyncThread::threadFunc                  : Finished Asynchronous operation on sound 000002716E3A4E08
[LOG] AsyncThread::threadFunc                  : Starting Asynchronous operation on sound 000002716E3A6098
[LOG] SystemI::createSoundInternal             :     Create name='FMOD/FMOD_WoL/Build/Desktop/VFX.bank', mode=0x02010082
[LOG] SystemI::createSoundInternal             :     exinfo->cbsize             = 224
[LOG] SystemI::createSoundInternal             :     exinfo->length             = 7386464
[LOG] SystemI::createSoundInternal             :     exinfo->fileoffset         = 108672
[LOG] SystemI::createSoundInternal             :     exinfo->numsubsounds       = 1
[LOG] SystemI::createSoundInternal             :     exinfo->inclusionlist      = 0000026D7F3349B0
[LOG] SystemI::createSoundInternal             :     exinfo->inclusionlistnum   = 1
[LOG] SystemI::createSoundInternal             :     exinfo->suggestedsoundtype = 5
[LOG] SystemI::createSoundInternal             :     exinfo->initialseekposition = 25715
[LOG] SystemI::createSoundInternal             :     exinfo->initialseekpostype = 1
[LOG] SystemI::createSoundInternal             :     Stream 0/1: name='item', format=5, channels=2, frequency=48000, lengthbytes=458016, lengthpcm=2093184, pcmblocksize=0, loopstart=0, loopend=0, mode=0x00000000, channelmask=0x00000000, channelorder=0, peakvolume=0.733826.
[LOG] AsyncThread::threadFunc                  : Finished Asynchronous operation on sound 000002716E3A6098
[LOG] AsyncThread::threadFunc                  : Starting Asynchronous operation on sound 000002716E3A4FB8
[LOG] SystemI::createSoundInternal             :     Create name='FMOD/FMOD_WoL/Build/Desktop/VFX.bank', mode=0x02010082
[LOG] SystemI::createSoundInternal             :     exinfo->cbsize             = 224
[LOG] SystemI::createSoundInternal             :     exinfo->length             = 7386464
[LOG] SystemI::createSoundInternal             :     exinfo->fileoffset         = 108672
[LOG] SystemI::createSoundInternal             :     exinfo->numsubsounds       = 1
[LOG] SystemI::createSoundInternal             :     exinfo->inclusionlist      = 0000026D7F334370
[LOG] SystemI::createSoundInternal             :     exinfo->inclusionlistnum   = 1
[LOG] SystemI::createSoundInternal             :     exinfo->suggestedsoundtype = 5
[LOG] SystemI::createSoundInternal             :     exinfo->initialseekposition = 25715
[LOG] SystemI::createSoundInternal             :     exinfo->initialseekpostype = 1
[LOG] SystemI::createSoundInternal             :     Stream 0/1: name='item', format=5, channels=2, frequency=48000, lengthbytes=458016, lengthpcm=2093184, pcmblocksize=0, loopstart=0, loopend=0, mode=0x00000000, channelmask=0x00000000, channelorder=0, peakvolume=0.733826.
[LOG] AsyncThread::threadFunc                  : Finished Asynchronous operation on sound 000002716E3A4FB8
[LOG] AsyncThread::threadFunc                  : Starting Asynchronous operation on sound 000002716E38D0A8
[LOG] SystemI::createSoundInternal             :     Create name='FMOD/FMOD_WoL/Build/Desktop/VFX.bank', mode=0x02010082
[LOG] SystemI::createSoundInternal             :     exinfo->cbsize             = 224
[LOG] SystemI::createSoundInternal             :     exinfo->length             = 7386464
[LOG] SystemI::createSoundInternal             :     exinfo->fileoffset         = 108672
[LOG] SystemI::createSoundInternal             :     exinfo->numsubsounds       = 1
[LOG] SystemI::createSoundInternal             :     exinfo->inclusionlist      = 00000271733CF850
[LOG] SystemI::createSoundInternal             :     exinfo->inclusionlistnum   = 1
[LOG] SystemI::createSoundInternal             :     exinfo->suggestedsoundtype = 5
[LOG] SystemI::createSoundInternal             :     exinfo->initialseekposition = 25715
[LOG] SystemI::createSoundInternal             :     exinfo->initialseekpostype = 1
[LOG] SystemI::createSoundInternal             :     Stream 0/1: name='item', format=5, channels=2, frequency=48000, lengthbytes=458016, lengthpcm=2093184, pcmblocksize=0, loopstart=0, loopend=0, mode=0x00000000, channelmask=0x00000000, channelorder=0, peakvolume=0.733826.
[LOG] AsyncThread::threadFunc                  : Finished Asynchronous operation on sound 000002716E38D0A8
[LOG] AsyncThread::threadFunc                  : Starting Asynchronous operation on sound 000002716E38C4D8
[LOG] SystemI::createSoundInternal             :     Create name='FMOD/FMOD_WoL/Build/Desktop/VFX.bank', mode=0x02010082
[LOG] SystemI::createSoundInternal             :     exinfo->cbsize             = 224
[LOG] SystemI::createSoundInternal             :     exinfo->length             = 7386464
[LOG] SystemI::createSoundInternal             :     exinfo->fileoffset         = 108672
[LOG] SystemI::createSoundInternal             :     exinfo->numsubsounds       = 1
[LOG] SystemI::createSoundInternal             :     exinfo->inclusionlist      = 00000271733CF990
[LOG] SystemI::createSoundInternal             :     exinfo->inclusionlistnum   = 1
[LOG] SystemI::createSoundInternal             :     exinfo->suggestedsoundtype = 5
[LOG] SystemI::createSoundInternal             :     exinfo->initialseekposition = 25715
[LOG] SystemI::createSoundInternal             :     exinfo->initialseekpostype = 1
[LOG] SystemI::createSoundInternal             :     Stream 0/1: name='item', format=5, channels=2, frequency=48000, lengthbytes=458016, lengthpcm=2093184, pcmblocksize=0, loopstart=0, loopend=0, mode=0x00000000, channelmask=0x00000000, channelorder=0, peakvolume=0.733826.
[LOG] AsyncThread::threadFunc                  : Finished Asynchronous operation on sound 000002716E38C4D8
[LOG] AsyncThread::threadFunc                  : Starting Asynchronous operation on sound 000002716E389C58
[LOG] SystemI::createSoundInternal             :     Create name='FMOD/FMOD_WoL/Build/Desktop/VFX.bank', mode=0x02010082
[LOG] SystemI::createSoundInternal             :     exinfo->cbsize             = 224
[LOG] SystemI::createSoundInternal             :     exinfo->length             = 7386464
[LOG] SystemI::createSoundInternal             :     exinfo->fileoffset         = 108672
[LOG] SystemI::createSoundInternal             :     exinfo->numsubsounds       = 1
[LOG] SystemI::createSoundInternal             :     exinfo->inclusionlist      = 000002715C5E3560
[LOG] SystemI::createSoundInternal             :     exinfo->inclusionlistnum   = 1
[LOG] SystemI::createSoundInternal             :     exinfo->suggestedsoundtype = 5
[LOG] SystemI::createSoundInternal             :     exinfo->initialseekposition = 25715
[LOG] SystemI::createSoundInternal             :     exinfo->initialseekpostype = 1
[LOG] SystemI::createSoundInternal             :     Stream 0/1: name='item', format=5, channels=2, frequency=48000, lengthbytes=458016, lengthpcm=2093184, pcmblocksize=0, loopstart=0, loopend=0, mode=0x00000000, channelmask=0x00000000, channelorder=0, peakvolume=0.733826.
[LOG] AsyncThread::threadFunc                  : Finished Asynchronous operation on sound 000002716E389C58
[LOG] AsyncThread::threadFunc                  : Starting Asynchronous operation on sound 000002716E38C688
[LOG] SystemI::createSoundInternal             :     Create name='FMOD/FMOD_WoL/Build/Desktop/VFX.bank', mode=0x02010082
[LOG] SystemI::createSoundInternal             :     exinfo->cbsize             = 224
[LOG] SystemI::createSoundInternal             :     exinfo->length             = 7386464
[LOG] SystemI::createSoundInternal             :     exinfo->fileoffset         = 108672
[LOG] SystemI::createSoundInternal             :     exinfo->numsubsounds       = 1
[LOG] SystemI::createSoundInternal             :     exinfo->inclusionlist      = 000002700E4B3A50
[LOG] SystemI::createSoundInternal             :     exinfo->inclusionlistnum   = 1
[LOG] SystemI::createSoundInternal             :     exinfo->suggestedsoundtype = 5
[LOG] SystemI::createSoundInternal             :     exinfo->initialseekposition = 25715
[LOG] SystemI::createSoundInternal             :     exinfo->initialseekpostype = 1
[LOG] SystemI::createSoundInternal             :     Stream 0/1: name='item', format=5, channels=2, frequency=48000, lengthbytes=458016, lengthpcm=2093184, pcmblocksize=0, loopstart=0, loopend=0, mode=0x00000000, channelmask=0x00000000, channelorder=0, peakvolume=0.733826.
[LOG] AsyncThread::threadFunc                  : Finished Asynchronous operation on sound 000002716E38C688
[LOG] SoundI::release                          : item (00000271628DE628)
[LOG] SoundI::release                          :     item (000002700C037348)
[LOG] SoundI::release                          :     item (000002716E3898F8)
[LOG] SoundI::release                          : item (00000271628DB6E8)
[LOG] SoundI::release                          :     item (000002700C038A08)
[LOG] SoundI::release                          :     item (000002716E38CB98)
[LOG] SoundI::release                          : item (00000271628DDF68)
[LOG] SoundI::release                          :     item (000002700C037008)
[LOG] SoundI::release                          :     item (000002716E389238)
[LOG] SoundI::release                          : item (00000271628DB388)
[LOG] SoundI::release                          :     item (000002700C035948)
[LOG] SoundI::release                          :     item (000002716E38C328)
[LOG] SoundI::release                          : item (00000271628DF558)
[LOG] SoundI::release                          :     item (000002700C036E68)
[LOG] SoundI::release                          :     item (000002716E38B098)
[LOG] SoundI::release                          : item (00000271628DBDA8)
[LOG] SoundI::release                          :     item (000002700C038048)
[LOG] SoundI::release                          :     item (000002716E389AA8)
[LOG] SoundI::release                          : item (00000271628F4A38)
[LOG] SoundI::release                          :     item (000002700C036B28)
[LOG] SoundI::release                          :     item (000002716E38BE18)
[LOG] SoundI::release                          : item (00000271628F92C8)
[LOG] SoundI::release                          :     item (000002700C036CC8)
[LOG] SoundI::release                          :     item (000002716E38C9E8)
[LOG] SoundI::release                          : item (00000271628F57B8)
[LOG] SoundI::release                          :     item (000002700C039BE8)
[LOG] SoundI::release                          :     item (000002716E3A43E8)
[LOG] SoundI::release                          : item (00000271628F7978)
[LOG] SoundI::release                          :     item (000002700C03A0C8)
[LOG] SoundI::release                          :     item (000002716E3A8768)
[LOG] SoundI::release                          : item (00000271628F77C8)
[LOG] SoundI::release                          :     item (000002700C038528)
[LOG] SoundI::release                          :     item (000002716E3A59D8)
[LOG] SoundI::release                          : item (00000271628F5608)
[LOG] SoundI::release                          :     item (000002700C038868)
[LOG] SoundI::release                          :     item (000002716E3A74D8)
[LOG] SoundI::release                          : item (00000271628F50F8)
[LOG] SoundI::release                          :     item (000002700C035128)
[LOG] SoundI::release                          :     item (000002716E3A5678)
[LOG] SoundI::release                          : item (00000271628F6A48)
[LOG] SoundI::release                          :     item (000002700C039D88)
[LOG] SoundI::release                          :     item (000002716E3A63F8)
[LOG] SoundI::release                          : oscillating-electronic-machine-31839 (00000271B2A43478)
[LOG] SoundI::release                          :     oscillating-electronic-machine-31839 (0000027013AA9488)
[LOG] SoundI::release                          :     oscillating-electronic-machine-31839 (000002700D374FD8)
[LOG] SoundI::release                          : oscillating-electronic-machine-31839 (00000271B2A41E88)
[LOG] SoundI::release                          :     oscillating-electronic-machine-31839 (0000027013AA8928)
[LOG] SoundI::release                          :     oscillating-electronic-machine-31839 (000002700D374E28)
[LOG] SoundI::release                          : oscillating-electronic-machine-31839 (00000271B2A42DB8)
[LOG] SoundI::release                          :     oscillating-electronic-machine-31839 (0000027013AA8E08)
[LOG] SoundI::release                          :     oscillating-electronic-machine-31839 (000002700D3796B8)
[LOG] SystemI::createSound                     : filename = FMOD/FMOD_WoL/Build/Desktop/VFX.bank : mode 02010082
[LOG] SystemI::createSound                     : FMOD_NONBLOCKING specified.  Putting into queue to be opened asynchronously!
[LOG] AsyncThread::add                         : add sound to async queue : soundi = 000002716E3A5678, queue head = 000002700ED19558, queue count = 0
[LOG] AsyncThread::threadFunc                  : Starting Asynchronous operation on sound 000002716E3A5678
[LOG] SystemI::createSound                     : filename = FMOD/FMOD_WoL/Build/Desktop/VFX.bank : mode 02010082
[LOG] SystemI::createSoundInternal             :     Create name='FMOD/FMOD_WoL/Build/Desktop/VFX.bank', mode=0x02010082
[LOG] SystemI::createSound                     :     FMOD_NONBLOCKING specified.  Putting into queue to be opened asynchronously!
[LOG] SystemI::createSoundInternal             :     exinfo->cbsize             = 224
[LOG] AsyncThread::add                         :     add sound to async queue : soundi = 000002716E3A43E8, queue head = 000002700ED19558, queue count = 0
[LOG] SystemI::createSoundInternal             :     exinfo->length             = 7386464
[LOG] SystemI::createSoundInternal             :     exinfo->fileoffset         = 108672
[LOG] SystemI::createSoundInternal             :     exinfo->numsubsounds       = 1
[LOG] SystemI::createSound                     :     filename = FMOD/FMOD_WoL/Build/Desktop/VFX.bank : mode 02010082
[LOG] SystemI::createSoundInternal             :     exinfo->inclusionlist      = 0000027004CA7CC0
[LOG] SystemI::createSound                     :     FMOD_NONBLOCKING specified.  Putting into queue to be opened asynchronously!
[LOG] SystemI::createSoundInternal             :     exinfo->inclusionlistnum   = 1
[LOG] AsyncThread::add                         :     add sound to async queue : soundi = 000002716E3A63F8, queue head = 000002700ED19558, queue count = 1
[LOG] SystemI::createSoundInternal             :     exinfo->suggestedsoundtype = 5
[LOG] SystemI::createSoundInternal             :     exinfo->initialseekpostype = 1
[LOG] SystemI::createSoundInternal             :     Stream 0/1: name='mechanical-sfx-018-314780', format=5, channels=2, frequency=48000, lengthbytes=131648, lengthpcm=507820, pcmblocksize=0, loopstart=0, loopend=0, mode=0x00000000, channelmask=0x00000000, channelorder=0, peakvolume=0.999512.
[LOG] AsyncThread::threadFunc                  : Finished Asynchronous operation on sound 000002716E3A5678
[LOG] AsyncThread::threadFunc                  : Starting Asynchronous operation on sound 000002716E3A43E8
[LOG] SystemI::createSoundInternal             :     Create name='FMOD/FMOD_WoL/Build/Desktop/VFX.bank', mode=0x02010082
[LOG] SystemI::createSoundInternal             :     exinfo->cbsize             = 224
[LOG] SystemI::createSoundInternal             :     exinfo->length             = 7386464
[LOG] SystemI::createSoundInternal             :     exinfo->fileoffset         = 108672
[LOG] SystemI::createSoundInternal             :     exinfo->numsubsounds       = 1
[LOG] SystemI::createSoundInternal             :     exinfo->inclusionlist      = 0000027004CA7E00
[LOG] SystemI::createSoundInternal             :     exinfo->inclusionlistnum   = 1
[LOG] SystemI::createSoundInternal             :     exinfo->suggestedsoundtype = 5
[LOG] SystemI::createSoundInternal             :     exinfo->initialseekpostype = 1
[LOG] SystemI::createSoundInternal             :     Stream 0/1: name='mechanical-sfx-018-314780', format=5, channels=2, frequency=48000, lengthbytes=131648, lengthpcm=507820, pcmblocksize=0, loopstart=0, loopend=0, mode=0x00000000, channelmask=0x00000000, channelorder=0, peakvolume=0.999512.
[LOG] AsyncThread::threadFunc                  : Finished Asynchronous operation on sound 000002716E3A43E8
[LOG] AsyncThread::threadFunc                  : Starting Asynchronous operation on sound 000002716E3A63F8
[LOG] SystemI::createSoundInternal             :     Create name='FMOD/FMOD_WoL/Build/Desktop/VFX.bank', mode=0x02010082
[LOG] SystemI::createSoundInternal             :     exinfo->cbsize             = 224
[LOG] SystemI::createSoundInternal             :     exinfo->length             = 7386464
[LOG] SystemI::createSoundInternal             :     exinfo->fileoffset         = 108672
[LOG] SystemI::createSoundInternal             :     exinfo->numsubsounds       = 1
[LOG] SystemI::createSoundInternal             :     exinfo->inclusionlist      = 0000027004CA7A40
[LOG] SystemI::createSoundInternal             :     exinfo->inclusionlistnum   = 1
[LOG] SystemI::createSoundInternal             :     exinfo->suggestedsoundtype = 5
[LOG] SystemI::createSoundInternal             :     exinfo->initialseekpostype = 1
[LOG] SystemI::createSoundInternal             :     Stream 0/1: name='mechanical-sfx-018-314780', format=5, channels=2, frequency=48000, lengthbytes=131648, lengthpcm=507820, pcmblocksize=0, loopstart=0, loopend=0, mode=0x00000000, channelmask=0x00000000, channelorder=0, peakvolume=0.999512.
[LOG] AsyncThread::threadFunc                  : Finished Asynchronous operation on sound 000002716E3A63F8
[LOG] SoundI::release                          : mechanical-sfx-018-314780 (0000027004247308)
[LOG] SoundI::release                          :     mechanical-sfx-018-314780 (0000026D055D6F88)
[LOG] SoundI::release                          :     mechanical-sfx-018-314780 (00000270042474B8)
[LOG] SoundI::release                          : mechanical-sfx-018-314780 (0000027004244F98)
[LOG] SoundI::release                          :     mechanical-sfx-018-314780 (0000026D055DA388)
[LOG] SoundI::release                          :     mechanical-sfx-018-314780 (0000027004245658)
[LOG] SoundI::release                          : mechanical-sfx-018-314780 (0000027004247B78)
[LOG] SoundI::release                          :     mechanical-sfx-018-314780 (0000026D055D9828)
[LOG] SoundI::release                          :     mechanical-sfx-018-314780 (0000027004246588)
[LOG] SystemI::createSound                     : filename = FMOD/FMOD_WoL/Build/Desktop/VFX.bank : mode 02010082
[LOG] SystemI::createSound                     : FMOD_NONBLOCKING specified.  Putting into queue to be opened asynchronously!
[LOG] AsyncThread::add                         : add sound to async queue : soundi = 00000271628F81E8, queue head = 000002700ED19558, queue count = 0
[LOG] AsyncThread::threadFunc                  : Starting Asynchronous operation on sound 00000271628F81E8
[LOG] SystemI::createSoundInternal             :     Create name='FMOD/FMOD_WoL/Build/Desktop/VFX.bank', mode=0x02010082
[LOG] SystemI::createSoundInternal             :     exinfo->cbsize             = 224
[LOG] SystemI::createSoundInternal             :     exinfo->length             = 7386464
[LOG] SystemI::createSoundInternal             :     exinfo->fileoffset         = 108672
[LOG] SystemI::createSoundInternal             :     exinfo->numsubsounds       = 1
[LOG] SystemI::createSoundInternal             :     exinfo->inclusionlist      = 0000026D0654C340
[LOG] SystemI::createSoundInternal             :     exinfo->inclusionlistnum   = 1
[LOG] SystemI::createSoundInternal             :     exinfo->suggestedsoundtype = 5
[LOG] SystemI::createSoundInternal             :     exinfo->initialseekpostype = 1
[LOG] SystemI::createSoundInternal             :     Stream 0/1: name='Goteira', format=5, channels=2, frequency=48000, lengthbytes=280768, lengthpcm=963029, pcmblocksize=0, loopstart=0, loopend=0, mode=0x00000000, channelmask=0x00000000, channelorder=0, peakvolume=0.505646.
[LOG] AsyncThread::threadFunc                  : Finished Asynchronous operation on sound 00000271628F81E8
[LOG] SystemI::createSound                     : filename = FMOD/FMOD_WoL/Build/Desktop/VFX.bank : mode 02010082
[LOG] SystemI::createSound                     : FMOD_NONBLOCKING specified.  Putting into queue to be opened asynchronously!
[LOG] AsyncThread::add                         : add sound to async queue : soundi = 000002700D37D888, queue head = 000002700ED19558, queue count = 0
[LOG] AsyncThread::threadFunc                  : Starting Asynchronous operation on sound 000002700D37D888
[LOG] SystemI::createSound                     : filename = FMOD/FMOD_WoL/Build/Desktop/VFX.bank : mode 02010082
[LOG] SystemI::createSoundInternal             :     Create name='FMOD/FMOD_WoL/Build/Desktop/VFX.bank', mode=0x02010082
[LOG] SystemI::createSound                     :     FMOD_NONBLOCKING specified.  Putting into queue to be opened asynchronously!
[LOG] SystemI::createSoundInternal             :     exinfo->cbsize             = 224
[LOG] AsyncThread::add                         :     add sound to async queue : soundi = 000002700D37C958, queue head = 000002700ED19558, queue count = 0
[LOG] SystemI::createSoundInternal             :     exinfo->length             = 7386464
[LOG] SystemI::createSoundInternal             :     exinfo->fileoffset         = 108672
[LOG] SystemI::createSound                     :     filename = FMOD/FMOD_WoL/Build/Desktop/VFX.bank : mode 02010082
[LOG] SystemI::createSoundInternal             :     exinfo->numsubsounds       = 1
[LOG] SystemI::createSound                     :     FMOD_NONBLOCKING specified.  Putting into queue to be opened asynchronously!
[LOG] SystemI::createSoundInternal             :     exinfo->inclusionlist      = 0000026D0766F2E0
[LOG] AsyncThread::add                         :     add sound to async queue : soundi = 000002700D37BA28, queue head = 000002700ED19558, queue count = 1
[LOG] SystemI::createSoundInternal             :     exinfo->inclusionlistnum   = 1
[LOG] SystemI::createSoundInternal             :     exinfo->suggestedsoundtype = 5
[LOG] SystemI::createSound                     :     filename = FMOD/FMOD_WoL/Build/Desktop/VFX.bank : mode 02010082
[LOG] SystemI::createSoundInternal             :     exinfo->initialseekpostype = 1
[LOG] SystemI::createSound                     :     FMOD_NONBLOCKING specified.  Putting into queue to be opened asynchronously!
[LOG] AsyncThread::add                         :     add sound to async queue : soundi = 000002700D371B88, queue head = 000002700ED19558, queue count = 2
[LOG] SystemI::createSound                     :     filename = FMOD/FMOD_WoL/Build/Desktop/VFX.bank : mode 02010082
[LOG] SystemI::createSound                     :     FMOD_NONBLOCKING specified.  Putting into queue to be opened asynchronously!
[LOG] AsyncThread::add                         :     add sound to async queue : soundi = 000002700D373688, queue head = 000002700ED19558, queue count = 3
[LOG] SystemI::createSound                     :     filename = FMOD/FMOD_WoL/Build/Desktop/VFX.bank : mode 02010082
[LOG] SystemI::createSound                     :     FMOD_NONBLOCKING specified.  Putting into queue to be opened asynchronously!
[LOG] AsyncThread::add                         :     add sound to async queue : soundi = 000002700D373EF8, queue head = 000002700ED19558, queue count = 4
[LOG] SystemI::createSound                     :     filename = FMOD/FMOD_WoL/Build/Desktop/VFX.bank : mode 02010082
[LOG] SystemI::createSound                     :     FMOD_NONBLOCKING specified.  Putting into queue to be opened asynchronously!
[LOG] AsyncThread::add                         :     add sound to async queue : soundi = 000002700D371828, queue head = 000002700ED19558, queue count = 5
[LOG] SystemI::createSoundInternal             :     Stream 0/1: name='stream3', format=5, channels=2, frequency=48000, lengthbytes=133184, lengthpcm=489600, pcmblocksize=0, loopstart=0, loopend=0, mode=0x00000000, channelmask=0x00000000, channelorder=0, peakvolume=0.136536.
[LOG] AsyncThread::threadFunc                  : Finished Asynchronous operation on sound 000002700D37D888
[LOG] AsyncThread::threadFunc                  : Starting Asynchronous operation on sound 000002700D37C958
[LOG] SystemI::createSoundInternal             :     Create name='FMOD/FMOD_WoL/Build/Desktop/VFX.bank', mode=0x02010082
[LOG] SystemI::createSoundInternal             :     exinfo->cbsize             = 224
[LOG] SystemI::createSoundInternal             :     exinfo->length             = 7386464
[LOG] SystemI::createSoundInternal             :     exinfo->fileoffset         = 108672
[LOG] SystemI::createSoundInternal             :     exinfo->numsubsounds       = 1
[LOG] SystemI::createSoundInternal             :     exinfo->inclusionlist      = 0000026D0766F420
[LOG] SystemI::createSoundInternal             :     exinfo->inclusionlistnum   = 1
[LOG] SystemI::createSoundInternal             :     exinfo->suggestedsoundtype = 5
[LOG] SystemI::createSoundInternal             :     exinfo->initialseekpostype = 1
[LOG] SystemI::createSoundInternal             :     Stream 0/1: name='stream3', format=5, channels=2, frequency=48000, lengthbytes=133184, lengthpcm=489600, pcmblocksize=0, loopstart=0, loopend=0, mode=0x00000000, channelmask=0x00000000, channelorder=0, peakvolume=0.136536.
[LOG] AsyncThread::threadFunc                  : Finished Asynchronous operation on sound 000002700D37C958
[LOG] AsyncThread::threadFunc                  : Starting Asynchronous operation on sound 000002700D37BA28
[LOG] SystemI::createSoundInternal             :     Create name='FMOD/FMOD_WoL/Build/Desktop/VFX.bank', mode=0x02010082
[LOG] SystemI::createSoundInternal             :     exinfo->cbsize             = 224
[LOG] SystemI::createSoundInternal             :     exinfo->length             = 7386464
[LOG] SystemI::createSoundInternal             :     exinfo->fileoffset         = 108672
[LOG] SystemI::createSoundInternal             :     exinfo->numsubsounds       = 1
[LOG] SystemI::createSoundInternal             :     exinfo->inclusionlist      = 0000026D0766F560
[LOG] SystemI::createSoundInternal             :     exinfo->inclusionlistnum   = 1
[LOG] SystemI::createSoundInternal             :     exinfo->suggestedsoundtype = 5
[LOG] SystemI::createSoundInternal             :     exinfo->initialseekpostype = 1
[LOG] SystemI::createSoundInternal             :     Stream 0/1: name='stream3', format=5, channels=2, frequency=48000, lengthbytes=133184, lengthpcm=489600, pcmblocksize=0, loopstart=0, loopend=0, mode=0x00000000, channelmask=0x00000000, channelorder=0, peakvolume=0.136536.
[LOG] AsyncThread::threadFunc                  : Finished Asynchronous operation on sound 000002700D37BA28
[LOG] AsyncThread::threadFunc                  : Starting Asynchronous operation on sound 000002700D371B88
[LOG] SystemI::createSoundInternal             :     Create name='FMOD/FMOD_WoL/Build/Desktop/VFX.bank', mode=0x02010082
[LOG] SystemI::createSoundInternal             :     exinfo->cbsize             = 224
[LOG] SystemI::createSoundInternal             :     exinfo->length             = 7386464
[LOG] SystemI::createSoundInternal             :     exinfo->fileoffset         = 108672
[LOG] SystemI::createSoundInternal             :     exinfo->numsubsounds       = 1
[LOG] SystemI::createSoundInternal             :     exinfo->inclusionlist      = 000002700EEFE6A0
[LOG] SystemI::createSoundInternal             :     exinfo->inclusionlistnum   = 1
[LOG] SystemI::createSoundInternal             :     exinfo->suggestedsoundtype = 5
[LOG] SystemI::createSoundInternal             :     exinfo->initialseekpostype = 1
[LOG] SystemI::createSoundInternal             :     Stream 0/1: name='stream3', format=5, channels=2, frequency=48000, lengthbytes=133184, lengthpcm=489600, pcmblocksize=0, loopstart=0, loopend=0, mode=0x00000000, channelmask=0x00000000, channelorder=0, peakvolume=0.136536.
[LOG] AsyncThread::threadFunc                  : Finished Asynchronous operation on sound 000002700D371B88
[LOG] AsyncThread::threadFunc                  : Starting Asynchronous operation on sound 000002700D373688
[LOG] SystemI::createSoundInternal             :     Create name='FMOD/FMOD_WoL/Build/Desktop/VFX.bank', mode=0x02010082
[LOG] SystemI::createSoundInternal             :     exinfo->cbsize             = 224
[LOG] SystemI::createSoundInternal             :     exinfo->length             = 7386464
[LOG] SystemI::createSoundInternal             :     exinfo->fileoffset         = 108672
[LOG] SystemI::createSoundInternal             :     exinfo->numsubsounds       = 1
[LOG] SystemI::createSoundInternal             :     exinfo->inclusionlist      = 000002700EEFEBA0
[LOG] SystemI::createSoundInternal             :     exinfo->inclusionlistnum   = 1
[LOG] SystemI::createSoundInternal             :     exinfo->suggestedsoundtype = 5
[LOG] SystemI::createSoundInternal             :     exinfo->initialseekpostype = 1
[LOG] SystemI::createSoundInternal             :     Stream 0/1: name='stream3', format=5, channels=2, frequency=48000, lengthbytes=133184, lengthpcm=489600, pcmblocksize=0, loopstart=0, loopend=0, mode=0x00000000, channelmask=0x00000000, channelorder=0, peakvolume=0.136536.
[LOG] AsyncThread::threadFunc                  : Finished Asynchronous operation on sound 000002700D373688
[LOG] AsyncThread::threadFunc                  : Starting Asynchronous operation on sound 000002700D373EF8
[LOG] SystemI::createSoundInternal             :     Create name='FMOD/FMOD_WoL/Build/Desktop/VFX.bank', mode=0x02010082
[LOG] SystemI::createSoundInternal             :     exinfo->cbsize             = 224
[LOG] SystemI::createSoundInternal             :     exinfo->length             = 7386464
[LOG] SystemI::createSoundInternal             :     exinfo->fileoffset         = 108672
[LOG] SystemI::createSoundInternal             :     exinfo->numsubsounds       = 1
[LOG] SystemI::createSoundInternal             :     exinfo->inclusionlist      = 000002700EEFE920
[LOG] SystemI::createSoundInternal             :     exinfo->inclusionlistnum   = 1
[LOG] SystemI::createSoundInternal             :     exinfo->suggestedsoundtype = 5
[LOG] SystemI::createSoundInternal             :     exinfo->initialseekpostype = 1
[LOG] SystemI::createSoundInternal             :     Stream 0/1: name='stream3', format=5, channels=2, frequency=48000, lengthbytes=133184, lengthpcm=489600, pcmblocksize=0, loopstart=0, loopend=0, mode=0x00000000, channelmask=0x00000000, channelorder=0, peakvolume=0.136536.
[LOG] AsyncThread::threadFunc                  : Finished Asynchronous operation on sound 000002700D373EF8
[LOG] AsyncThread::threadFunc                  : Starting Asynchronous operation on sound 000002700D371828
[LOG] SystemI::createSoundInternal             :     Create name='FMOD/FMOD_WoL/Build/Desktop/VFX.bank', mode=0x02010082
[LOG] SystemI::createSoundInternal             :     exinfo->cbsize             = 224
[LOG] SystemI::createSoundInternal             :     exinfo->length             = 7386464
[LOG] SystemI::createSoundInternal             :     exinfo->fileoffset         = 108672
[LOG] SystemI::createSoundInternal             :     exinfo->numsubsounds       = 1
[LOG] SystemI::createSoundInternal             :     exinfo->inclusionlist      = 000002700EEFEF60
[LOG] SystemI::createSoundInternal             :     exinfo->inclusionlistnum   = 1
[LOG] SystemI::createSoundInternal             :     exinfo->suggestedsoundtype = 5
[LOG] SystemI::createSoundInternal             :     exinfo->initialseekpostype = 1
[LOG] SystemI::createSoundInternal             :     Stream 0/1: name='stream3', format=5, channels=2, frequency=48000, lengthbytes=133184, lengthpcm=489600, pcmblocksize=0, loopstart=0, loopend=0, mode=0x00000000, channelmask=0x00000000, channelorder=0, peakvolume=0.136536.
[LOG] AsyncThread::threadFunc                  : Finished Asynchronous operation on sound 000002700D371828
[LOG] AsyncThread::add                         : add sound to async queue : soundi = 000002700D37D378, queue head = 000002700ED19558, queue count = 0
[LOG] AsyncThread::threadFunc                  : Starting Asynchronous operation on sound 000002700D37D378
[LOG] AsyncThread::threadFunc                  : Finished Asynchronous operation on sound 000002700D37D378
[LOG] SoundI::release                          : Goteira (00000270042463D8)
[LOG] SoundI::release                          :     Goteira (0000027008C92BC8)
[LOG] SoundI::release                          :     Goteira (00000271B2A3EBE8)
[LOG] SoundI::release                          : stream3 (00000271B2A432C8)
[LOG] SoundI::release                          :     stream3 (0000027007EC6818)
[LOG] SoundI::release                          :     stream3 (000002700E0C4338)
[LOG] SoundI::release                          : stream3 (00000271B2A42F68)
[LOG] SoundI::release                          :     stream3 (00000270091F3308)
[LOG] SoundI::release                          :     stream3 (000002700E0C8BC8)
[LOG] SoundI::release                          : stream3 (00000271B2A3F968)
[LOG] SoundI::release                          :     stream3 (0000027007E071E8)
[LOG] SoundI::release                          :     stream3 (000002700E0C9948)
[LOG] SoundI::release                          : stream3 (000002700D37B6C8)
[LOG] SoundI::release                          :     stream3 (0000027007E06EA8)
[LOG] SoundI::release                          :     stream3 (000002700E0CA008)
[LOG] SoundI::release                          : stream3 (000002700D378278)
[LOG] SoundI::release                          :     stream3 (0000026D05FCD178)
[LOG] SoundI::release                          :     stream3 (000002700E0C8508)
[LOG] SoundI::release                          : stream3 (000002700D378428)
[LOG] SoundI::release                          :     stream3 (0000026D05FCD998)
[LOG] SoundI::release                          :     stream3 (000002700E0C7788)
[LOG] SoundI::release                          : stream3 (000002700D375848)
[LOG] SoundI::release                          :     stream3 (0000026D05FCDCD8)
[LOG] SoundI::release                          :     stream3 (000002700E0C70C8)
[LOG] SystemI::createSound                     : filename = FMOD/FMOD_WoL/Build/Desktop/VFX.bank : mode 02010082
[LOG] SystemI::createSound                     : FMOD_NONBLOCKING specified.  Putting into queue to be opened asynchronously!
[LOG] AsyncThread::add                         : add sound to async queue : soundi = 0000027004245658, queue head = 000002700ED19558, queue count = 0
[LOG] AsyncThread::threadFunc                  : Starting Asynchronous operation on sound 0000027004245658
[LOG] SystemI::createSound                     : filename = FMOD/FMOD_WoL/Build/Desktop/VFX.bank : mode 02010082
[LOG] SystemI::createSoundInternal             :     Create name='FMOD/FMOD_WoL/Build/Desktop/VFX.bank', mode=0x02010082
[LOG] SystemI::createSound                     :     FMOD_NONBLOCKING specified.  Putting into queue to be opened asynchronously!
[LOG] SystemI::createSoundInternal             :     exinfo->cbsize             = 224
[LOG] AsyncThread::add                         :     add sound to async queue : soundi = 0000027004246228, queue head = 000002700ED19558, queue count = 0
[LOG] SystemI::createSoundInternal             :     exinfo->length             = 7386464
[LOG] SystemI::createSoundInternal             :     exinfo->fileoffset         = 108672
[LOG] SystemI::createSoundInternal             :     exinfo->numsubsounds       = 1
[LOG] SystemI::createSoundInternal             :     exinfo->inclusionlist      = 0000027004293E20
[LOG] SystemI::createSoundInternal             :     exinfo->inclusionlistnum   = 1
[LOG] SystemI::createSoundInternal             :     exinfo->suggestedsoundtype = 5
[LOG] SystemI::createSoundInternal             :     exinfo->initialseekpostype = 1
[LOG] SystemI::createSound                     :     filename = FMOD/FMOD_WoL/Build/Desktop/VFX.bank : mode 02010082
[LOG] SystemI::createSound                     :     FMOD_NONBLOCKING specified.  Putting into queue to be opened asynchronously!
[LOG] AsyncThread::add                         :     add sound to async queue : soundi = 0000027004246C48, queue head = 000002700ED19558, queue count = 1
[LOG] SystemI::createSoundInternal             :     Stream 0/1: name='oscillating-electronic-machine-31839', format=5, channels=2, frequency=48000, lengthbytes=160384, lengthpcm=653184, pcmblocksize=0, loopstart=0, loopend=0, mode=0x00000000, channelmask=0x00000000, channelorder=0, peakvolume=0.438171.
[LOG] AsyncThread::threadFunc                  : Finished Asynchronous operation on sound 0000027004245658
[LOG] AsyncThread::threadFunc                  : Starting Asynchronous operation on sound 0000027004246228
[LOG] SystemI::createSoundInternal             :     Create name='FMOD/FMOD_WoL/Build/Desktop/VFX.bank', mode=0x02010082
[LOG] SystemI::createSoundInternal             :     exinfo->cbsize             = 224
[LOG] SystemI::createSoundInternal             :     exinfo->length             = 7386464
[LOG] SystemI::createSoundInternal             :     exinfo->fileoffset         = 108672
[LOG] SystemI::createSoundInternal             :     exinfo->numsubsounds       = 1
[LOG] SystemI::createSoundInternal             :     exinfo->inclusionlist      = 0000027004293F60
[LOG] SystemI::createSoundInternal             :     exinfo->inclusionlistnum   = 1
[LOG] SystemI::createSoundInternal             :     exinfo->suggestedsoundtype = 5
[LOG] SystemI::createSoundInternal             :     exinfo->initialseekpostype = 1
[LOG] SystemI::createSoundInternal             :     Stream 0/1: name='oscillating-electronic-machine-31839', format=5, channels=2, frequency=48000, lengthbytes=160384, lengthpcm=653184, pcmblocksize=0, loopstart=0, loopend=0, mode=0x00000000, channelmask=0x00000000, channelorder=0, peakvolume=0.438171.
[LOG] AsyncThread::threadFunc                  : Finished Asynchronous operation on sound 0000027004246228
[LOG] AsyncThread::threadFunc                  : Starting Asynchronous operation on sound 0000027004246C48
[LOG] SystemI::createSoundInternal             :     Create name='FMOD/FMOD_WoL/Build/Desktop/VFX.bank', mode=0x02010082
[LOG] SystemI::createSoundInternal             :     exinfo->cbsize             = 224
[LOG] SystemI::createSoundInternal             :     exinfo->length             = 7386464
[LOG] SystemI::createSoundInternal             :     exinfo->fileoffset         = 108672
[LOG] SystemI::createSoundInternal             :     exinfo->numsubsounds       = 1
[LOG] SystemI::createSoundInternal             :     exinfo->inclusionlist      = 0000027004293CE0
[LOG] SystemI::createSoundInternal             :     exinfo->inclusionlistnum   = 1
[LOG] SystemI::createSoundInternal             :     exinfo->suggestedsoundtype = 5
[LOG] SystemI::createSoundInternal             :     exinfo->initialseekpostype = 1
[LOG] SystemI::createSoundInternal             :     Stream 0/1: name='oscillating-electronic-machine-31839', format=5, channels=2, frequency=48000, lengthbytes=160384, lengthpcm=653184, pcmblocksize=0, loopstart=0, loopend=0, mode=0x00000000, channelmask=0x00000000, channelorder=0, peakvolume=0.438171.
[LOG] AsyncThread::threadFunc                  : Finished Asynchronous operation on sound 0000027004246C48
[LOG] SystemI::createSound                     : filename = FMOD/FMOD_WoL/Build/Desktop/VFX.bank : mode 02010082
[LOG] SystemI::createSound                     : FMOD_NONBLOCKING specified.  Putting into queue to be opened asynchronously!
[LOG] AsyncThread::add                         : add sound to async queue : soundi = 00000271628F92C8, queue head = 000002700ED19558, queue count = 0
[LOG] AsyncThread::threadFunc                  : Starting Asynchronous operation on sound 00000271628F92C8
[LOG] SystemI::createSoundInternal             :     Create name='FMOD/FMOD_WoL/Build/Desktop/VFX.bank', mode=0x02010082
[LOG] SystemI::createSound                     : filename = FMOD/FMOD_WoL/Build/Desktop/VFX.bank : mode 02010082
[LOG] SystemI::createSoundInternal             :     exinfo->cbsize             = 224
[LOG] SystemI::createSound                     :     FMOD_NONBLOCKING specified.  Putting into queue to be opened asynchronously!
[LOG] SystemI::createSoundInternal             :     exinfo->length             = 7386464
[LOG] AsyncThread::add                         :     add sound to async queue : soundi = 00000271628F9478, queue head = 000002700ED19558, queue count = 0
[LOG] SystemI::createSoundInternal             :     exinfo->fileoffset         = 108672
[LOG] SystemI::createSoundInternal             :     exinfo->numsubsounds       = 1
[LOG] SystemI::createSoundInternal             :     exinfo->inclusionlist      = 0000026D0654BBC0
[LOG] SystemI::createSound                     :     filename = FMOD/FMOD_WoL/Build/Desktop/VFX.bank : mode 02010082
[LOG] SystemI::createSoundInternal             :     exinfo->inclusionlistnum   = 1
[LOG] SystemI::createSound                     :     FMOD_NONBLOCKING specified.  Putting into queue to be opened asynchronously!
[LOG] SystemI::createSoundInternal             :     exinfo->suggestedsoundtype = 5
[LOG] AsyncThread::add                         :     add sound to async queue : soundi = 00000271628F7618, queue head = 000002700ED19558, queue count = 1
[LOG] SystemI::createSoundInternal             :     exinfo->initialseekposition = 25715
[LOG] SystemI::createSoundInternal             :     exinfo->initialseekpostype = 1
[LOG] SystemI::createSound                     :     filename = FMOD/FMOD_WoL/Build/Desktop/VFX.bank : mode 02010082
[LOG] SystemI::createSound                     :     FMOD_NONBLOCKING specified.  Putting into queue to be opened asynchronously!
[LOG] AsyncThread::add                         :     add sound to async queue : soundi = 00000271628F7978, queue head = 000002700ED19558, queue count = 2
[LOG] SystemI::createSound                     :     filename = FMOD/FMOD_WoL/Build/Desktop/VFX.bank : mode 02010082
[LOG] SystemI::createSound                     :     FMOD_NONBLOCKING specified.  Putting into queue to be opened asynchronously!
[LOG] AsyncThread::add                         :     add sound to async queue : soundi = 00000271628F7CD8, queue head = 000002700ED19558, queue count = 3
[LOG] SystemI::createSound                     :     filename = FMOD/FMOD_WoL/Build/Desktop/VFX.bank : mode 02010082
[LOG] SystemI::createSound                     :     FMOD_NONBLOCKING specified.  Putting into queue to be opened asynchronously!
[LOG] AsyncThread::add                         :     add sound to async queue : soundi = 00000271628F5608, queue head = 000002700ED19558, queue count = 4
[LOG] SystemI::createSound                     :     filename = FMOD/FMOD_WoL/Build/Desktop/VFX.bank : mode 02010082
[LOG] SystemI::createSound                     :     FMOD_NONBLOCKING specified.  Putting into queue to be opened asynchronously!
[LOG] AsyncThread::add                         :     add sound to async queue : soundi = 00000271628F57B8, queue head = 000002700ED19558, queue count = 5
[LOG] SystemI::createSound                     :     filename = FMOD/FMOD_WoL/Build/Desktop/VFX.bank : mode 02010082
[LOG] SystemI::createSound                     :     FMOD_NONBLOCKING specified.  Putting into queue to be opened asynchronously!
[LOG] AsyncThread::add                         :     add sound to async queue : soundi = 00000271628DB028, queue head = 000002700ED19558, queue count = 6
[LOG] SystemI::createSoundInternal             :     Stream 0/1: name='item', format=5, channels=2, frequency=48000, lengthbytes=458016, lengthpcm=2093184, pcmblocksize=0, loopstart=0, loopend=0, mode=0x00000000, channelmask=0x00000000, channelorder=0, peakvolume=0.733826.
[LOG] SystemI::createSound                     :     filename = FMOD/FMOD_WoL/Build/Desktop/VFX.bank : mode 02010082
[LOG] SystemI::createSound                     :     FMOD_NONBLOCKING specified.  Putting into queue to be opened asynchronously!
[LOG] AsyncThread::add                         :     add sound to async queue : soundi = 00000271628DF558, queue head = 000002700ED19558, queue count = 7
[LOG] SystemI::createSound                     :     filename = FMOD/FMOD_WoL/Build/Desktop/VFX.bank : mode 02010082
[LOG] SystemI::createSound                     :     FMOD_NONBLOCKING specified.  Putting into queue to be opened asynchronously!
[LOG] AsyncThread::add                         :     add sound to async queue : soundi = 00000271628DDF68, queue head = 000002700ED19558, queue count = 8
[LOG] SystemI::createSound                     :     filename = FMOD/FMOD_WoL/Build/Desktop/VFX.bank : mode 02010082
[LOG] SystemI::createSound                     :     FMOD_NONBLOCKING specified.  Putting into queue to be opened asynchronously!
[LOG] AsyncThread::add                         :     add sound to async queue : soundi = 00000271628DB388, queue head = 000002700ED19558, queue count = 9
[LOG] SystemI::createSound                     :     filename = FMOD/FMOD_WoL/Build/Desktop/VFX.bank : mode 02010082
[LOG] SystemI::createSound                     :     FMOD_NONBLOCKING specified.  Putting into queue to be opened asynchronously!
[LOG] AsyncThread::add                         :     add sound to async queue : soundi = 00000271628DE628, queue head = 000002700ED19558, queue count = 10
[LOG] SystemI::createSound                     :     filename = FMOD/FMOD_WoL/Build/Desktop/VFX.bank : mode 02010082
[LOG] SystemI::createSound                     :     FMOD_NONBLOCKING specified.  Putting into queue to be opened asynchronously!
[LOG] AsyncThread::add                         :     add sound to async queue : soundi = 00000271628DBDA8, queue head = 000002700ED19558, queue count = 11
[LOG] SystemI::createSound                     :     filename = FMOD/FMOD_WoL/Build/Desktop/VFX.bank : mode 02010082
[LOG] SystemI::createSound                     :     FMOD_NONBLOCKING specified.  Putting into queue to be opened asynchronously!
[LOG] AsyncThread::add                         :     add sound to async queue : soundi = 00000271628DC2B8, queue head = 000002700ED19558, queue count = 12
[LOG] AsyncThread::threadFunc                  : Finished Asynchronous operation on sound 00000271628F92C8
[LOG] AsyncThread::threadFunc                  : Starting Asynchronous operation on sound 00000271628F9478
[LOG] SystemI::createSoundInternal             :     Create name='FMOD/FMOD_WoL/Build/Desktop/VFX.bank', mode=0x02010082
[LOG] SystemI::createSoundInternal             :     exinfo->cbsize             = 224
[LOG] SystemI::createSoundInternal             :     exinfo->length             = 7386464
[LOG] SystemI::createSoundInternal             :     exinfo->fileoffset         = 108672
[LOG] SystemI::createSoundInternal             :     exinfo->numsubsounds       = 1
[LOG] SystemI::createSoundInternal             :     exinfo->inclusionlist      = 0000026F359875F0
[LOG] SystemI::createSoundInternal             :     exinfo->inclusionlistnum   = 1
[LOG] SystemI::createSoundInternal             :     exinfo->suggestedsoundtype = 5
[LOG] SystemI::createSoundInternal             :     exinfo->initialseekposition = 25715
[LOG] SystemI::createSoundInternal             :     exinfo->initialseekpostype = 1
[LOG] SystemI::createSoundInternal             :     Stream 0/1: name='item', format=5, channels=2, frequency=48000, lengthbytes=458016, lengthpcm=2093184, pcmblocksize=0, loopstart=0, loopend=0, mode=0x00000000, channelmask=0x00000000, channelorder=0, peakvolume=0.733826.
[LOG] AsyncThread::threadFunc                  : Finished Asynchronous operation on sound 00000271628F9478
[LOG] AsyncThread::threadFunc                  : Starting Asynchronous operation on sound 00000271628F7618
[LOG] SystemI::createSoundInternal             :     Create name='FMOD/FMOD_WoL/Build/Desktop/VFX.bank', mode=0x02010082
[LOG] SystemI::createSoundInternal             :     exinfo->cbsize             = 224
[LOG] SystemI::createSoundInternal             :     exinfo->length             = 7386464
[LOG] SystemI::createSoundInternal             :     exinfo->fileoffset         = 108672
[LOG] SystemI::createSoundInternal             :     exinfo->numsubsounds       = 1
[LOG] SystemI::createSoundInternal             :     exinfo->inclusionlist      = 0000026F359874B0
[LOG] SystemI::createSoundInternal             :     exinfo->inclusionlistnum   = 1
[LOG] SystemI::createSoundInternal             :     exinfo->suggestedsoundtype = 5
[LOG] SystemI::createSoundInternal             :     exinfo->initialseekposition = 25715
[LOG] SystemI::createSoundInternal             :     exinfo->initialseekpostype = 1
[LOG] SystemI::createSoundInternal             :     Stream 0/1: name='item', format=5, channels=2, frequency=48000, lengthbytes=458016, lengthpcm=2093184, pcmblocksize=0, loopstart=0, loopend=0, mode=0x00000000, channelmask=0x00000000, channelorder=0, peakvolume=0.733826.
[LOG] AsyncThread::threadFunc                  : Finished Asynchronous operation on sound 00000271628F7618
[LOG] AsyncThread::threadFunc                  : Starting Asynchronous operation on sound 00000271628F7978
[LOG] SystemI::createSoundInternal             :     Create name='FMOD/FMOD_WoL/Build/Desktop/VFX.bank', mode=0x02010082
[LOG] SystemI::createSoundInternal             :     exinfo->cbsize             = 224
[LOG] SystemI::createSoundInternal             :     exinfo->length             = 7386464
[LOG] SystemI::createSoundInternal             :     exinfo->fileoffset         = 108672
[LOG] SystemI::createSoundInternal             :     exinfo->numsubsounds       = 1
[LOG] SystemI::createSoundInternal             :     exinfo->inclusionlist      = 0000026F35987AF0
[LOG] SystemI::createSoundInternal             :     exinfo->inclusionlistnum   = 1
[LOG] SystemI::createSoundInternal             :     exinfo->suggestedsoundtype = 5
[LOG] SystemI::createSoundInternal             :     exinfo->initialseekposition = 25715
[LOG] SystemI::createSoundInternal             :     exinfo->initialseekpostype = 1
[LOG] SystemI::createSoundInternal             :     Stream 0/1: name='item', format=5, channels=2, frequency=48000, lengthbytes=458016, lengthpcm=2093184, pcmblocksize=0, loopstart=0, loopend=0, mode=0x00000000, channelmask=0x00000000, channelorder=0, peakvolume=0.733826.
[LOG] AsyncThread::threadFunc                  : Finished Asynchronous operation on sound 00000271628F7978
[LOG] AsyncThread::threadFunc                  : Starting Asynchronous operation on sound 00000271628F7CD8
[LOG] SystemI::createSoundInternal             :     Create name='FMOD/FMOD_WoL/Build/Desktop/VFX.bank', mode=0x02010082
[LOG] SystemI::createSoundInternal             :     exinfo->cbsize             = 224
[LOG] SystemI::createSoundInternal             :     exinfo->length             = 7386464
[LOG] SystemI::createSoundInternal             :     exinfo->fileoffset         = 108672
[LOG] SystemI::createSoundInternal             :     exinfo->numsubsounds       = 1
[LOG] SystemI::createSoundInternal             :     exinfo->inclusionlist      = 0000026F35987FF0
[LOG] SystemI::createSoundInternal             :     exinfo->inclusionlistnum   = 1
[LOG] SystemI::createSoundInternal             :     exinfo->suggestedsoundtype = 5
[LOG] SystemI::createSoundInternal             :     exinfo->initialseekposition = 25715
[LOG] SystemI::createSoundInternal             :     exinfo->initialseekpostype = 1
[LOG] SystemI::createSoundInternal             :     Stream 0/1: name='item', format=5, channels=2, frequency=48000, lengthbytes=458016, lengthpcm=2093184, pcmblocksize=0, loopstart=0, loopend=0, mode=0x00000000, channelmask=0x00000000, channelorder=0, peakvolume=0.733826.
[LOG] AsyncThread::threadFunc                  : Finished Asynchronous operation on sound 00000271628F7CD8
[LOG] AsyncThread::threadFunc                  : Starting Asynchronous operation on sound 00000271628F5608
[LOG] SystemI::createSoundInternal             :     Create name='FMOD/FMOD_WoL/Build/Desktop/VFX.bank', mode=0x02010082
[LOG] SystemI::createSoundInternal             :     exinfo->cbsize             = 224
[LOG] SystemI::createSoundInternal             :     exinfo->length             = 7386464
[LOG] SystemI::createSoundInternal             :     exinfo->fileoffset         = 108672
[LOG] SystemI::createSoundInternal             :     exinfo->numsubsounds       = 1
[LOG] SystemI::createSoundInternal             :     exinfo->inclusionlist      = 0000026F35987870
[LOG] SystemI::createSoundInternal             :     exinfo->inclusionlistnum   = 1
[LOG] SystemI::createSoundInternal             :     exinfo->suggestedsoundtype = 5
[LOG] SystemI::createSoundInternal             :     exinfo->initialseekposition = 25715
[LOG] SystemI::createSoundInternal             :     exinfo->initialseekpostype = 1
[LOG] SystemI::createSoundInternal             :     Stream 0/1: name='item', format=5, channels=2, frequency=48000, lengthbytes=458016, lengthpcm=2093184, pcmblocksize=0, loopstart=0, loopend=0, mode=0x00000000, channelmask=0x00000000, channelorder=0, peakvolume=0.733826.
[LOG] AsyncThread::threadFunc                  : Finished Asynchronous operation on sound 00000271628F5608
[LOG] AsyncThread::threadFunc                  : Starting Asynchronous operation on sound 00000271628F57B8
[LOG] SystemI::createSoundInternal             :     Create name='FMOD/FMOD_WoL/Build/Desktop/VFX.bank', mode=0x02010082
[LOG] SystemI::createSoundInternal             :     exinfo->cbsize             = 224
[LOG] SystemI::createSoundInternal             :     exinfo->length             = 7386464
[LOG] SystemI::createSoundInternal             :     exinfo->fileoffset         = 108672
[LOG] SystemI::createSoundInternal             :     exinfo->numsubsounds       = 1
[LOG] SystemI::createSoundInternal             :     exinfo->inclusionlist      = 0000026F35987230
[LOG] SystemI::createSoundInternal             :     exinfo->inclusionlistnum   = 1
[LOG] SystemI::createSoundInternal             :     exinfo->suggestedsoundtype = 5
[LOG] SystemI::createSoundInternal             :     exinfo->initialseekposition = 25715
[LOG] SystemI::createSoundInternal             :     exinfo->initialseekpostype = 1
[LOG] SystemI::createSoundInternal             :     Stream 0/1: name='item', format=5, channels=2, frequency=48000, lengthbytes=458016, lengthpcm=2093184, pcmblocksize=0, loopstart=0, loopend=0, mode=0x00000000, channelmask=0x00000000, channelorder=0, peakvolume=0.733826.
[LOG] AsyncThread::threadFunc                  : Finished Asynchronous operation on sound 00000271628F57B8
[LOG] AsyncThread::threadFunc                  : Starting Asynchronous operation on sound 00000271628DB028
[LOG] SystemI::createSoundInternal             :     Create name='FMOD/FMOD_WoL/Build/Desktop/VFX.bank', mode=0x02010082
[LOG] SystemI::createSoundInternal             :     exinfo->cbsize             = 224
[LOG] SystemI::createSoundInternal             :     exinfo->length             = 7386464
[LOG] SystemI::createSoundInternal             :     exinfo->fileoffset         = 108672
[LOG] SystemI::createSoundInternal             :     exinfo->numsubsounds       = 1
[LOG] SystemI::createSoundInternal             :     exinfo->inclusionlist      = 0000026F359879B0
[LOG] SystemI::createSoundInternal             :     exinfo->inclusionlistnum   = 1
[LOG] SystemI::createSoundInternal             :     exinfo->suggestedsoundtype = 5
[LOG] SystemI::createSoundInternal             :     exinfo->initialseekposition = 25715
[LOG] SystemI::createSoundInternal             :     exinfo->initialseekpostype = 1
[LOG] SystemI::createSoundInternal             :     Stream 0/1: name='item', format=5, channels=2, frequency=48000, lengthbytes=458016, lengthpcm=2093184, pcmblocksize=0, loopstart=0, loopend=0, mode=0x00000000, channelmask=0x00000000, channelorder=0, peakvolume=0.733826.
[LOG] AsyncThread::threadFunc                  : Finished Asynchronous operation on sound 00000271628DB028
[LOG] AsyncThread::threadFunc                  : Starting Asynchronous operation on sound 00000271628DF558
[LOG] SystemI::createSoundInternal             :     Create name='FMOD/FMOD_WoL/Build/Desktop/VFX.bank', mode=0x02010082
[LOG] SystemI::createSoundInternal             :     exinfo->cbsize             = 224
[LOG] SystemI::createSoundInternal             :     exinfo->length             = 7386464
[LOG] SystemI::createSoundInternal             :     exinfo->fileoffset         = 108672
[LOG] SystemI::createSoundInternal             :     exinfo->numsubsounds       = 1
[LOG] SystemI::createSoundInternal             :     exinfo->inclusionlist      = 0000026F35987C30
[LOG] SystemI::createSoundInternal             :     exinfo->inclusionlistnum   = 1
[LOG] SystemI::createSoundInternal             :     exinfo->suggestedsoundtype = 5
[LOG] SystemI::createSoundInternal             :     exinfo->initialseekposition = 25715
[LOG] SystemI::createSoundInternal             :     exinfo->initialseekpostype = 1
[LOG] SystemI::createSoundInternal             :     Stream 0/1: name='item', format=5, channels=2, frequency=48000, lengthbytes=458016, lengthpcm=2093184, pcmblocksize=0, loopstart=0, loopend=0, mode=0x00000000, channelmask=0x00000000, channelorder=0, peakvolume=0.733826.
[LOG] AsyncThread::threadFunc                  : Finished Asynchronous operation on sound 00000271628DF558
[LOG] AsyncThread::threadFunc                  : Starting Asynchronous operation on sound 00000271628DDF68
[LOG] SystemI::createSoundInternal             :     Create name='FMOD/FMOD_WoL/Build/Desktop/VFX.bank', mode=0x02010082
[LOG] SystemI::createSoundInternal             :     exinfo->cbsize             = 224
[LOG] SystemI::createSoundInternal             :     exinfo->length             = 7386464
[LOG] SystemI::createSoundInternal             :     exinfo->fileoffset         = 108672
[LOG] SystemI::createSoundInternal             :     exinfo->numsubsounds       = 1
[LOG] SystemI::createSoundInternal             :     exinfo->inclusionlist      = 0000026F35987D70
[LOG] SystemI::createSoundInternal             :     exinfo->inclusionlistnum   = 1
[LOG] SystemI::createSoundInternal             :     exinfo->suggestedsoundtype = 5
[LOG] SystemI::createSoundInternal             :     exinfo->initialseekposition = 25715
[LOG] SystemI::createSoundInternal             :     exinfo->initialseekpostype = 1
[LOG] SystemI::createSoundInternal             :     Stream 0/1: name='item', format=5, channels=2, frequency=48000, lengthbytes=458016, lengthpcm=2093184, pcmblocksize=0, loopstart=0, loopend=0, mode=0x00000000, channelmask=0x00000000, channelorder=0, peakvolume=0.733826.
[LOG] AsyncThread::threadFunc                  : Finished Asynchronous operation on sound 00000271628DDF68
[LOG] AsyncThread::threadFunc                  : Starting Asynchronous operation on sound 00000271628DB388
[LOG] SystemI::createSoundInternal             :     Create name='FMOD/FMOD_WoL/Build/Desktop/VFX.bank', mode=0x02010082
[LOG] SystemI::createSoundInternal             :     exinfo->cbsize             = 224
[LOG] SystemI::createSoundInternal             :     exinfo->length             = 7386464
[LOG] SystemI::createSoundInternal             :     exinfo->fileoffset         = 108672
[LOG] SystemI::createSoundInternal             :     exinfo->numsubsounds       = 1
[LOG] SystemI::createSoundInternal             :     exinfo->inclusionlist      = 0000026F35987EB0
[LOG] SystemI::createSoundInternal             :     exinfo->inclusionlistnum   = 1
[LOG] SystemI::createSoundInternal             :     exinfo->suggestedsoundtype = 5
[LOG] SystemI::createSoundInternal             :     exinfo->initialseekposition = 25715
[LOG] SystemI::createSoundInternal             :     exinfo->initialseekpostype = 1
[LOG] SystemI::createSoundInternal             :     Stream 0/1: name='item', format=5, channels=2, frequency=48000, lengthbytes=458016, lengthpcm=2093184, pcmblocksize=0, loopstart=0, loopend=0, mode=0x00000000, channelmask=0x00000000, channelorder=0, peakvolume=0.733826.
[LOG] AsyncThread::threadFunc                  : Finished Asynchronous operation on sound 00000271628DB388
[LOG] AsyncThread::threadFunc                  : Starting Asynchronous operation on sound 00000271628DE628
[LOG] SystemI::createSoundInternal             :     Create name='FMOD/FMOD_WoL/Build/Desktop/VFX.bank', mode=0x02010082
[LOG] SystemI::createSoundInternal             :     exinfo->cbsize             = 224
[LOG] SystemI::createSoundInternal             :     exinfo->length             = 7386464
[LOG] SystemI::createSoundInternal             :     exinfo->fileoffset         = 108672
[LOG] SystemI::createSoundInternal             :     exinfo->numsubsounds       = 1
[LOG] SystemI::createSoundInternal             :     exinfo->inclusionlist      = 0000026F35987370
[LOG] SystemI::createSoundInternal             :     exinfo->inclusionlistnum   = 1
[LOG] SystemI::createSoundInternal             :     exinfo->suggestedsoundtype = 5
[LOG] SystemI::createSoundInternal             :     exinfo->initialseekposition = 25715
[LOG] SystemI::createSoundInternal             :     exinfo->initialseekpostype = 1
[LOG] SystemI::createSoundInternal             :     Stream 0/1: name='item', format=5, channels=2, frequency=48000, lengthbytes=458016, lengthpcm=2093184, pcmblocksize=0, loopstart=0, loopend=0, mode=0x00000000, channelmask=0x00000000, channelorder=0, peakvolume=0.733826.
[LOG] AsyncThread::threadFunc                  : Finished Asynchronous operation on sound 00000271628DE628
[LOG] AsyncThread::threadFunc                  : Starting Asynchronous operation on sound 00000271628DBDA8
[LOG] SystemI::createSoundInternal             :     Create name='FMOD/FMOD_WoL/Build/Desktop/VFX.bank', mode=0x02010082
[LOG] SystemI::createSoundInternal             :     exinfo->cbsize             = 224
[LOG] SystemI::createSoundInternal             :     exinfo->length             = 7386464
[LOG] SystemI::createSoundInternal             :     exinfo->fileoffset         = 108672
[LOG] SystemI::createSoundInternal             :     exinfo->numsubsounds       = 1
[LOG] SystemI::createSoundInternal             :     exinfo->inclusionlist      = 0000027007E08080
[LOG] SystemI::createSoundInternal             :     exinfo->inclusionlistnum   = 1
[LOG] SystemI::createSoundInternal             :     exinfo->suggestedsoundtype = 5
[LOG] SystemI::createSoundInternal             :     exinfo->initialseekposition = 25715
[LOG] SystemI::createSoundInternal             :     exinfo->initialseekpostype = 1
[LOG] SystemI::createSoundInternal             :     Stream 0/1: name='item', format=5, channels=2, frequency=48000, lengthbytes=458016, lengthpcm=2093184, pcmblocksize=0, loopstart=0, loopend=0, mode=0x00000000, channelmask=0x00000000, channelorder=0, peakvolume=0.733826.
[LOG] AsyncThread::threadFunc                  : Finished Asynchronous operation on sound 00000271628DBDA8
[LOG] AsyncThread::threadFunc                  : Starting Asynchronous operation on sound 00000271628DC2B8
[LOG] SystemI::createSoundInternal             :     Create name='FMOD/FMOD_WoL/Build/Desktop/VFX.bank', mode=0x02010082
[LOG] SystemI::createSoundInternal             :     exinfo->cbsize             = 224
[LOG] SystemI::createSoundInternal             :     exinfo->length             = 7386464
[LOG] SystemI::createSoundInternal             :     exinfo->fileoffset         = 108672
[LOG] SystemI::createSoundInternal             :     exinfo->numsubsounds       = 1
[LOG] SystemI::createSoundInternal             :     exinfo->inclusionlist      = 0000027007E081C0
[LOG] SystemI::createSoundInternal             :     exinfo->inclusionlistnum   = 1
[LOG] SystemI::createSoundInternal             :     exinfo->suggestedsoundtype = 5
[LOG] SystemI::createSoundInternal             :     exinfo->initialseekposition = 25715
[LOG] SystemI::createSoundInternal             :     exinfo->initialseekpostype = 1
[LOG] SystemI::createSoundInternal             :     Stream 0/1: name='item', format=5, channels=2, frequency=48000, lengthbytes=458016, lengthpcm=2093184, pcmblocksize=0, loopstart=0, loopend=0, mode=0x00000000, channelmask=0x00000000, channelorder=0, peakvolume=0.733826.
[LOG] AsyncThread::threadFunc                  : Finished Asynchronous operation on sound 00000271628DC2B8
[LOG] SoundI::release                          : item (000002716E38C688)
[LOG] SoundI::release                          :     item (00000271D6656728)
[LOG] SoundI::release                          :     item (000002700D37B008)
[LOG] SoundI::release                          : item (000002716E389C58)
[LOG] SoundI::release                          :     item (00000271D6655A28)
[LOG] SoundI::release                          :     item (000002700D379F28)
[LOG] SoundI::release                          : item (000002716E38C4D8)
[LOG] SoundI::release                          :     item (00000271D6658608)
[LOG] SoundI::release                          :     item (000002700D379868)
[LOG] SoundI::release                          : item (000002716E38D0A8)
[LOG] SoundI::release                          :     item (00000271D66570E8)
[LOG] SoundI::release                          :     item (000002700D379D78)
[LOG] SoundI::release                          : item (000002716E3A4FB8)
[LOG] SoundI::release                          :     item (00000271D66582C8)
[LOG] SoundI::release                          :     item (000002700D379508)
[LOG] SoundI::release                          : item (000002716E3A6098)
[LOG] SoundI::release                          :     item (00000271D6658128)
[LOG] SoundI::release                          :     item (000002700D37A798)
[LOG] SoundI::release                          : item (000002716E3A4E08)
[LOG] SoundI::release                          :     item (00000271D6657F88)
[LOG] SoundI::release                          :     item (000002700D378788)
[LOG] SoundI::release                          : item (000002716E3A7B98)
[LOG] SoundI::release                          :     item (00000271D6657C48)
[LOG] SoundI::release                          :     item (000002700D378C98)
[LOG] SoundI::release                          : item (000002716E3A6908)
[LOG] SoundI::release                          :     item (00000271D6657908)
[LOG] SoundI::release                          :     item (000002700D377BB8)
[LOG] SoundI::release                          : item (000002716E3A5EE8)
[LOG] SoundI::release                          :     item (00000271D6656588)
[LOG] SoundI::release                          :     item (000002700D375338)
[LOG] SoundI::release                          : item (000002716E3A6758)
[LOG] SoundI::release                          :     item (00000271D6657AA8)
[LOG] SoundI::release                          :     item (000002700D377D68)
[LOG] SoundI::release                          : item (000002716E3A4AA8)
[LOG] SoundI::release                          :     item (00000271D6655BC8)
[LOG] SoundI::release                          :     item (000002700D376C88)
[LOG] SoundI::release                          : item (000002716E3A65A8)
[LOG] SoundI::release                          :     item (00000271D6658AE8)
[LOG] SoundI::release                          :     item (000002700D37A438)
[LOG] SoundI::release                          : item (000002716E3A6FC8)
[LOG] SoundI::release                          :     item (00000271D6658468)
[LOG] SoundI::release                          :     item (000002700D378FF8)
[LOG] SoundI::release                          : item (00000271628DBDA8)
[LOG] SoundI::release                          :     item (000002700ADA9B88)
[LOG] SoundI::release                          :     item (000002700D371D38)
[LOG] SoundI::release                          : item (00000271628DB028)
[LOG] SoundI::release                          :     item (000002700ADAAA28)
[LOG] SoundI::release                          :     item (000002700D36EFA8)
[LOG] SoundI::release                          : item (00000271628F7CD8)
[LOG] SoundI::release                          :     item (000002700ADAB0A8)
[LOG] SoundI::release                          :     item (000002700D372908)
[LOG] SoundI::release                          : item (00000271628F7978)
[LOG] SoundI::release                          :     item (000002700ADAB248)
[LOG] SoundI::release                          :     item (000002700D36E8E8)
[LOG] SoundI::release                          : item (00000271628F92C8)
[LOG] SoundI::release                          :     item (00000271D6657428)
[LOG] SoundI::release                          :     item (000002700D37D018)
[LOG] SoundI::release                          : item (00000271628DC2B8)
[LOG] SoundI::release                          :     item (000002700ADAA068)
[LOG] SoundI::release                          :     item (000002700D370748)
[LOG] SoundI::release                          : item (00000271628F57B8)
[LOG] SoundI::release                          :     item (000002700ADAA548)
[LOG] SoundI::release                          :     item (000002700D36EDF8)
[LOG] SoundI::release                          : item (00000271628DE628)
[LOG] SoundI::release                          :     item (000002700ADAD608)
[LOG] SoundI::release                          :     item (000002700D36F9C8)
[LOG] SoundI::release                          : item (00000271628F5608)
[LOG] SoundI::release                          :     item (000002700ADAB3E8)
[LOG] SoundI::release                          :     item (000002700D3719D8)
[LOG] SoundI::release                          : item (00000271628F7618)
[LOG] SoundI::release                          :     item (000002700ADAD128)
[LOG] SoundI::release                          :     item (000002700D3745B8)
[LOG] SoundI::release                          : item (00000271628DDF68)
[LOG] SoundI::release                          :     item (000002700ADACAA8)
[LOG] SoundI::release                          :     item (000002700D36FB78)
[LOG] SoundI::release                          : item (00000271628F9478)
[LOG] SoundI::release                          :     item (000002700ADAC0E8)
[LOG] SoundI::release                          :     item (000002700D37CB08)
[LOG] SoundI::release                          : item (00000271628DB388)
[LOG] SoundI::release                          :     item (000002700ADABA68)
[LOG] SoundI::release                          :     item (000002700D36F308)
[LOG] SoundI::release                          : item (00000271628DF558)
[LOG] SoundI::release                          :     item (000002700ADAD468)
[LOG] SoundI::release                          :     item (000002700D372098)
[LOG] SoundI::release                          : Goteira (00000271628F81E8)
[LOG] SoundI::release                          :     Goteira (00000271D6656C08)
[LOG] SoundI::release                          :     Goteira (000002700D37D378)
[LOG] SoundI::release                          : Som Ambiente  (0000027004246FA8)
[LOG] SoundI::release                          :     Som Ambiente  (0000027014D5E3A8)
[LOG] SoundI::release                          :     Som Ambiente  (00000271B2A40388)
[LOG] SoundI::release                          : oscillating-electronic-machine-31839 (0000027004245658)
[LOG] SoundI::release                          :     oscillating-electronic-machine-31839 (0000026D0A3A2BB8)
[LOG] SoundI::release                          :     oscillating-electronic-machine-31839 (000002700E0C4338)
[LOG] SoundI::release                          : mechanical-sfx-018-314780 (000002716E3A5678)
[LOG] SoundI::release                          :     mechanical-sfx-018-314780 (0000026D055D8B28)
[LOG] SoundI::release                          :     mechanical-sfx-018-314780 (0000027004246738)
[LOG] SoundI::release                          : oscillating-electronic-machine-31839 (0000027004246C48)
[LOG] SoundI::release                          :     oscillating-electronic-machine-31839 (0000026D0A3A2878)
[LOG] SoundI::release                          :     oscillating-electronic-machine-31839 (000002700E0C86B8)
[LOG] SoundI::release                          : mechanical-sfx-018-314780 (000002716E3A63F8)
[LOG] SoundI::release                          :     mechanical-sfx-018-314780 (0000026D055D9008)
[LOG] SoundI::release                          :     mechanical-sfx-018-314780 (00000270042468E8)
[LOG] SoundI::release                          : oscillating-electronic-machine-31839 (0000027004246228)
[LOG] SoundI::release                          :     oscillating-electronic-machine-31839 (0000026D0A3A2EF8)
[LOG] SoundI::release                          :     oscillating-electronic-machine-31839 (000002700E0C8508)
[LOG] SoundI::release                          : mechanical-sfx-018-314780 (000002716E3A43E8)
[LOG] SoundI::release                          :     mechanical-sfx-018-314780 (0000026D055D5C08)
[LOG] SoundI::release                          :     mechanical-sfx-018-314780 (00000270042452F8)
[LOG] SoundI::release                          : waterfall1 (000002700D378938)
[LOG] SoundI::release                          :     waterfall1 (0000027015C39418)
[LOG] SoundI::release                          :     waterfall1 (000002716E39D488)
[LOG] SoundI::release                          : woodstove-fire-271525 (00000271628F8C08)
[LOG] SoundI::release                          :     woodstove-fire-271525 (000002700C03A748)
[LOG] SoundI::release                          :     woodstove-fire-271525 (000002716E3A7328)
[LOG] SoundI::release                          : woodstove-fire-271525 (000002700D37C7A8)
[LOG] SoundI::release                          :     woodstove-fire-271525 (0000027173AF0E48)
[LOG] SoundI::release                          :     woodstove-fire-271525 (000002716E3A2DF8)
[LOG] SoundI::release                          : woodstove-fire-271525 (00000271628F8038)
[LOG] SoundI::release                          :     woodstove-fire-271525 (000002700C036648)
[LOG] SoundI::release                          :     woodstove-fire-271525 (000002716E3A5D38)
[LOG] SoundI::release                          : woodstove-fire-271525 (00000271628F4D98)
[LOG] SoundI::release                          :     woodstove-fire-271525 (000002700C0386C8)
[LOG] SoundI::release                          :     woodstove-fire-271525 (000002716E3A8408)
[LOG] SoundI::release                          : woodstove-fire-271525 (000002700D37D1C8)
[LOG] SoundI::release                          :     woodstove-fire-271525 (0000027173AEEF68)
[LOG] SoundI::release                          :     woodstove-fire-271525 (000002716E39D638)
[LOG] SoundI::release                          : woodstove-fire-271525 (00000271628F4888)
[LOG] SoundI::release                          :     woodstove-fire-271525 (000002700C0364A8)
[LOG] SoundI::release                          :     woodstove-fire-271525 (000002716E3A6E18)
[LOG] SoundI::release                          : woodstove-fire-271525 (000002700D376AD8)
[LOG] SoundI::release                          :     woodstove-fire-271525 (0000027015C3AFB8)
[LOG] SoundI::release                          :     woodstove-fire-271525 (000002716E3A2588)
[LOG] SoundI::release                          : woodstove-fire-271525 (00000271628F6F58)
[LOG] SoundI::release                          :     woodstove-fire-271525 (000002700C03A408)
[LOG] SoundI::release                          :     woodstove-fire-271525 (000002716E3A4748)
[LOG] SoundI::release                          : woodstove-fire-271525 (000002700D379358)
[LOG] SoundI::release                          :     woodstove-fire-271525 (0000027015C3A938)
[LOG] SoundI::release                          :     woodstove-fire-271525 (000002716E3A3668)
[LOG] SoundI::release                          : woodstove-fire-271525 (00000271628F26C8)
[LOG] SoundI::release                          :     woodstove-fire-271525 (000002700C035E28)
[LOG] SoundI::release                          :     woodstove-fire-271525 (000002716E3A6C68)
[LOG] SoundI::release                          : woodstove-fire-271525 (000002700D376418)
[LOG] SoundI::release                          :     woodstove-fire-271525 (0000027015C38238)
[LOG] SoundI::release                          :     woodstove-fire-271525 (000002716E3A3B78)
[LOG] SoundI::release                          : woodstove-fire-271525 (00000271628F01A8)
[LOG] SoundI::release                          :     woodstove-fire-271525 (000002700C03ADC8)
[LOG] SoundI::release                          :     woodstove-fire-271525 (000002716E3A7688)
[LOG] SoundI::release                          : woodstove-fire-271525 (00000271628EFE48)
[LOG] SoundI::release                          :     woodstove-fire-271525 (000002700C03B108)
[LOG] SoundI::release                          :     woodstove-fire-271525 (000002716E3A5318)
[LOG] SoundI::release                          : woodstove-fire-271525 (00000271628EF428)
[LOG] SoundI::release                          :     woodstove-fire-271525 (000002700C03BC68)
[LOG] SoundI::release                          :     woodstove-fire-271525 (000002716E3A54C8)
[LOG] SoundI::release                          : woodstove-fire-271525 (00000271628EED68)
[LOG] SoundI::release                          :     woodstove-fire-271525 (000002700C03B2A8)
[LOG] SoundI::release                          :     woodstove-fire-271525 (000002716E3A7D48)
[LOG] SoundI::release                          : woodstove-fire-271525 (00000271628F41C8)
[LOG] SoundI::release                          :     woodstove-fire-271525 (000002700C03AF68)
[LOG] SoundI::release                          :     woodstove-fire-271525 (000002716E3A7178)
[LOG] SoundI::release                          : woodstove-fire-271525 (000002700D377858)
[LOG] SoundI::release                          :     woodstove-fire-271525 (0000027015C38D98)
[LOG] SoundI::release                          :     woodstove-fire-271525 (000002716E39F2E8)
[LOG] SoundI::release                          : woodstove-fire-271525 (00000271628F1948)
[LOG] SoundI::release                          :     woodstove-fire-271525 (0000027173AED3C8)
[LOG] SoundI::release                          :     woodstove-fire-271525 (000002716E3A4238)
[LOG] SoundI::release                          : woodstove-fire-271525 (000002700D37A288)
[LOG] SoundI::release                          :     woodstove-fire-271525 (0000027015C38578)
[LOG] SoundI::release                          :     woodstove-fire-271525 (000002716E3A1658)
[LOG] SoundI::release                          : woodstove-fire-271525 (00000271628F3958)
[LOG] SoundI::release                          :     woodstove-fire-271525 (0000027173AEE5A8)
[LOG] SoundI::release                          :     woodstove-fire-271525 (000002716E3A5B88)
[LOG] SoundI::release                          : woodstove-fire-271525 (00000271628F0F28)
[LOG] SoundI::release                          :     woodstove-fire-271525 (0000027173AEE748)
[LOG] SoundI::release                          :     woodstove-fire-271525 (000002716E3A8AC8)
[LOG] SoundI::release                          : woodstove-fire-271525 (000002700D37B518)
[LOG] SoundI::release                          :     woodstove-fire-271525 (0000027015C3BE58)
[LOG] SoundI::release                          :     woodstove-fire-271525 (000002716E3A0A88)
[LOG] SoundI::release                          : woodstove-fire-271525 (00000271628EDFE8)
[LOG] SoundI::release                          :     woodstove-fire-271525 (0000027173AF02E8)
[LOG] SoundI::release                          :     woodstove-fire-271525 (000002716E3A8258)
[LOG] SoundI::release                          : woodstove-fire-271525 (000002700D375188)
[LOG] SoundI::release                          :     woodstove-fire-271525 (0000027015C3A5F8)
[LOG] SoundI::release                          :     woodstove-fire-271525 (000002716E3A12F8)
[LOG] SoundI::release                          : woodstove-fire-271525 (000002700D377348)
[LOG] SoundI::release                          :     woodstove-fire-271525 (0000027015C39278)
[LOG] SoundI::release                          :     woodstove-fire-271525 (000002716E39F138)
[LOG] SoundI::release                          : woodstove-fire-271525 (00000271628F0D78)
[LOG] SoundI::release                          :     woodstove-fire-271525 (0000027173AF0148)
[LOG] SoundI::release                          :     woodstove-fire-271525 (000002716E3A6AB8)
[LOG] SoundI::release                          : woodstove-fire-271525 (000002700D37AE58)
[LOG] SoundI::release                          :     woodstove-fire-271525 (0000027013AA8AC8)
[LOG] SoundI::release                          :     woodstove-fire-271525 (000002700D37C0E8)
[LOG] SoundI::release                          : woodstove-fire-271525 (00000271628EDAD8)
[LOG] SoundI::release                          :     woodstove-fire-271525 (0000027173AEDD88)
[LOG] SoundI::release                          :     woodstove-fire-271525 (000002716E39E208)
[LOG] SoundI::release                          : woodstove-fire-271525 (000002700D37A0D8)
[LOG] SoundI::release                          :     woodstove-fire-271525 (0000026D067A3738)
[LOG] SoundI::release                          :     woodstove-fire-271525 (000002700EB56AA8)
[LOG] SoundI::release                          : woodstove-fire-271525 (00000271628F2008)
[LOG] SoundI::release                          :     woodstove-fire-271525 (0000027173AEDBE8)
[LOG] SoundI::release                          :     woodstove-fire-271525 (000002716E39DB48)
[LOG] SoundI::release                          : woodstove-fire-271525 (00000271628F35F8)
[LOG] SoundI::release                          :     woodstove-fire-271525 (0000027173AEFFA8)
[LOG] SoundI::release                          :     woodstove-fire-271525 (000002716E39D998)
[LOG] SoundI::release                          : woodstove-fire-271525 (000002700D37C298)
[LOG] SoundI::release                          :     woodstove-fire-271525 (0000027173AEDA48)
[LOG] SoundI::release                          :     woodstove-fire-271525 (000002716E39D7E8)
[LOG] SoundI::release                          : woodstove-fire-271525 (000002700D37CE68)
[LOG] SoundI::release                          :     woodstove-fire-271525 (0000027173AED8A8)
[LOG] SoundI::release                          :     woodstove-fire-271525 (000002716E39E058)
[LOG] SoundI::release                          : woodstove-fire-271525 (000002700D37DA38)
[LOG] SoundI::release                          :     woodstove-fire-271525 (0000027173AEF2A8)
[LOG] SoundI::release                          :     woodstove-fire-271525 (000002716E3A3ED8)
[LOG] SoundI::release                          : woodstove-fire-271525 (00000271628F7108)
[LOG] SoundI::release                          :     woodstove-fire-271525 (000002700C03A8E8)
[LOG] SoundI::release                          :     woodstove-fire-271525 (000002716E3A4598)
[LOG] SoundI::release                          : woodstove-fire-271525 (000002700D37BD88)
[LOG] SoundI::release                          :     woodstove-fire-271525 (0000027173AEEDC8)
[LOG] SoundI::release                          :     woodstove-fire-271525 (000002716E3A3158)
[LOG] SoundI::release                          : stream3 (000002700D373688)
[LOG] SoundI::release                          :     stream3 (0000027004CADBC8)
[LOG] SoundI::release                          :     stream3 (000002700E0C5418)
[LOG] SoundI::release                          : stream3 (000002700D371828)
[LOG] SoundI::release                          :     stream3 (0000026D0A3A2D58)
[LOG] SoundI::release                          :     stream3 (000002700E0C9798)
[LOG] SoundI::release                          : stream3 (000002700D371B88)
[LOG] SoundI::release                          :     stream3 (0000027004CAD888)
[LOG] SoundI::release                          :     stream3 (000002700E0C5FE8)
[LOG] SoundI::release                          : stream3 (000002700D37C958)
[LOG] SoundI::release                          :     stream3 (000002700FE92038)
[LOG] SoundI::release                          :     stream3 (000002700E0C3E28)
[LOG] SoundI::release                          : stream3 (000002700D373EF8)
[LOG] SoundI::release                          :     stream3 (0000027004CAD068)
[LOG] SoundI::release                          :     stream3 (000002700E0C7E48)
[LOG] SoundI::release                          : stream3 (000002700D37BA28)
[LOG] SoundI::release                          :     stream3 (0000027004CAD548)
[LOG] SoundI::release                          :     stream3 (000002700E0C7AE8)
[LOG] SoundI::release                          : stream3 (000002700D37D888)
[LOG] SoundI::release                          :     stream3 (0000027007EC6E98)
[LOG] SoundI::release                          :     stream3 (000002700E0C8D78)
[LOG] SoundI::release                          :  (00000270147441C8)
[LOG] SoundI::release                          :     mechanical-sfx-009-314769 (0000026D055D8308)
[LOG] SoundI::release                          :  (0000027014747588)
[LOG] SoundI::release                          :     Porquinho_00 (0000026D067A3598)
[LOG] SoundI::release                          :  (0000027014744BD8)
[LOG] SoundI::release                          :     Porquinho_02 (0000026D055D65C8)
[LOG] Thread::callback                         : FMOD Studio update thread finished.
[LOG] Thread::callback                         : FMOD Studio bank load thread finished.
[LOG] Profile::disconnectAll                   : Profiler disconnecting all clients
[LOG] Thread::callback                         : FMOD Studio sample load thread finished.
[LOG] LiveUpdate::release                      : 
[LOG] LiveUpdate::reset                        : Reset connection (reason Disconnected)
[LOG] Thread::callback                         : FMOD stream thread finished.
[LOG] Thread::callback                         : FMOD mixer thread finished.
[LOG] Profile::disconnectAll                   : Profiler disconnecting all clients
[LOG] SystemI::close                           : Closed.
